strategy,total_pnl,final_equity,max_drawdown_pct,win_rate_pct,trades,wins,losses,params_json
ema_rsi,62.46,562.46,5.74,55.41,1469,814,655,"{""ema_fast"": 5, ""ema_slow"": 55, ""rsi_len"": 7, ""rsi_buy"": 45, ""rsi_sell"": 55, ""rsi_ob"": 70, ""rsi_os"": 25, ""rsi_os_level"": 25, ""rsi_ob_level"": 70, ""rsi_mid_low"": 40, ""rsi_mid_high"": 60, ""macd_fast"": 12, ""macd_slow"": 26, ""macd_signal"": 5, ""bb_len"": 14, ""bb_std"": 2.0, ""stoch_k"": 14, ""stoch_d"": 3, ""stoch_ob"": 75, ""stoch_os"": 20, ""atr_len"": 10, ""adx_len"": 14, ""adx_min"": 18, ""sl_atr"": 1.5, ""tp_atr"": 2.0, ""hold_bars"": 3}"
ema_rsi,62.36,562.36,5.77,55.37,1443,799,644,"{""ema_fast"": 5, ""ema_slow"": 55, ""rsi_len"": 7, ""rsi_buy"": 50, ""rsi_sell"": 55, ""rsi_ob"": 70, ""rsi_os"": 25, ""rsi_os_level"": 25, ""rsi_ob_level"": 70, ""rsi_mid_low"": 40, ""rsi_mid_high"": 60, ""macd_fast"": 12, ""macd_slow"": 26, ""macd_signal"": 5, ""bb_len"": 14, ""bb_std"": 2.0, ""stoch_k"": 14, ""stoch_d"": 3, ""stoch_ob"": 75, ""stoch_os"": 20, ""atr_len"": 10, ""adx_len"": 14, ""adx_min"": 18, ""sl_atr"": 1.5, ""tp_atr"": 2.0, ""hold_bars"": 3}"
ema_rsi,54.97,554.97,5.84,55.22,1409,778,631,"{""ema_fast"": 5, ""ema_slow"": 55, ""rsi_len"": 7, ""rsi_buy"": 50, ""rsi_sell"": 50, ""rsi_ob"": 70, ""rsi_os"": 25, ""rsi_os_level"": 25, ""rsi_ob_level"": 70, ""rsi_mid_low"": 40, ""rsi_mid_high"": 60, ""macd_fast"": 12, ""macd_slow"": 26, ""macd_signal"": 5, ""bb_len"": 14, ""bb_std"": 2.0, ""stoch_k"": 14, ""stoch_d"": 3, ""stoch_ob"": 75, ""stoch_os"": 20, ""atr_len"": 10, ""adx_len"": 14, ""adx_min"": 18, ""sl_atr"": 1.5, ""tp_atr"": 2.0, ""hold_bars"": 3}"
ema_rsi,53.84,553.84,5.82,55.22,1436,793,643,"{""ema_fast"": 5, ""ema_slow"": 55, ""rsi_len"": 7, ""rsi_buy"": 45, ""rsi_sell"": 50, ""rsi_ob"": 70, ""rsi_os"": 25, ""rsi_os_level"": 25, ""rsi_ob_level"": 70, ""rsi_mid_low"": 40, ""rsi_mid_high"": 60, ""macd_fast"": 12, ""macd_slow"": 26, ""macd_signal"": 5, ""bb_len"": 14, ""bb_std"": 2.0, ""stoch_k"": 14, ""stoch_d"": 3, ""stoch_ob"": 75, ""stoch_os"": 20, ""atr_len"": 10, ""adx_len"": 14, ""adx_min"": 18, ""sl_atr"": 1.5, ""tp_atr"": 2.0, ""hold_bars"": 3}"
trend_adx,17.55,517.55,4.58,55.35,551,305,246,"{""ema_fast"": 5, ""ema_slow"": 34, ""rsi_len"": 7, ""rsi_buy"": 45, ""rsi_sell"": 50, ""rsi_ob"": 70, ""rsi_os"": 25, ""rsi_os_level"": 25, ""rsi_ob_level"": 70, ""rsi_mid_low"": 40, ""rsi_mid_high"": 60, ""macd_fast"": 8, ""macd_slow"": 26, ""macd_signal"": 9, ""bb_len"": 14, ""bb_std"": 1.5, ""stoch_k"": 14, ""stoch_d"": 3, ""stoch_ob"": 75, ""stoch_os"": 20, ""atr_len"": 14, ""adx_len"": 14, ""adx_min"": 18, ""sl_atr"": 1.5, ""tp_atr"": 2.0, ""hold_bars"": 3}"
trend_adx,17.55,517.55,4.58,55.35,551,305,246,"{""ema_fast"": 5, ""ema_slow"": 34, ""rsi_len"": 7, ""rsi_buy"": 45, ""rsi_sell"": 55, ""rsi_ob"": 70, ""rsi_os"": 25, ""rsi_os_level"": 25, ""rsi_ob_level"": 70, ""rsi_mid_low"": 40, ""rsi_mid_high"": 60, ""macd_fast"": 8, ""macd_slow"": 26, ""macd_signal"": 9, ""bb_len"": 14, ""bb_std"": 1.5, ""stoch_k"": 14, ""stoch_d"": 3, ""stoch_ob"": 75, ""stoch_os"": 20, ""atr_len"": 14, ""adx_len"": 14, ""adx_min"": 18, ""sl_atr"": 1.5, ""tp_atr"": 2.0, ""hold_bars"": 3}"
trend_adx,17.55,517.55,4.58,55.35,551,305,246,"{""ema_fast"": 5, ""ema_slow"": 34, ""rsi_len"": 7, ""rsi_buy"": 50, ""rsi_sell"": 50, ""rsi_ob"": 70, ""rsi_os"": 25, ""rsi_os_level"": 25, ""rsi_ob_level"": 70, ""rsi_mid_low"": 40, ""rsi_mid_high"": 60, ""macd_fast"": 8, ""macd_slow"": 26, ""macd_signal"": 9, ""bb_len"": 14, ""bb_std"": 1.5, ""stoch_k"": 14, ""stoch_d"": 3, ""stoch_ob"": 75, ""stoch_os"": 20, ""atr_len"": 14, ""adx_len"": 14, ""adx_min"": 18, ""sl_atr"": 1.5, ""tp_atr"": 2.0, ""hold_bars"": 3}"
trend_adx,17.55,517.55,4.58,55.35,551,305,246,"{""ema_fast"": 5, ""ema_slow"": 34, ""rsi_len"": 7, ""rsi_buy"": 50, ""rsi_sell"": 55, ""rsi_ob"": 70, ""rsi_os"": 25, ""rsi_os_level"": 25, ""rsi_ob_level"": 70, ""rsi_mid_low"": 40, ""rsi_mid_high"": 60, ""macd_fast"": 8, ""macd_slow"": 26, ""macd_signal"": 9, ""bb_len"": 14, ""bb_std"": 1.5, ""stoch_k"": 14, ""stoch_d"": 3, ""stoch_ob"": 75, ""stoch_os"": 20, ""atr_len"": 14, ""adx_len"": 14, ""adx_min"": 18, ""sl_atr"": 1.5, ""tp_atr"": 2.0, ""hold_bars"": 3}"
trend_adx,16.94,516.94,4.97,55.34,571,316,255,"{""ema_fast"": 5, ""ema_slow"": 55, ""rsi_len"": 7, ""rsi_buy"": 45, ""rsi_sell"": 50, ""rsi_ob"": 70, ""rsi_os"": 25, ""rsi_os_level"": 25, ""rsi_ob_level"": 70, ""rsi_mid_low"": 40, ""rsi_mid_high"": 60, ""macd_fast"": 12, ""macd_slow"": 26, ""macd_signal"": 5, ""bb_len"": 14, ""bb_std"": 2.0, ""stoch_k"": 14, ""stoch_d"": 3, ""stoch_ob"": 75, ""stoch_os"": 20, ""atr_len"": 10, ""adx_len"": 14, ""adx_min"": 18, ""sl_atr"": 1.5, ""tp_atr"": 2.0, ""hold_bars"": 3}"
trend_adx,16.94,516.94,4.97,55.34,571,316,255,"{""ema_fast"": 5, ""ema_slow"": 55, ""rsi_len"": 7, ""rsi_buy"": 45, ""rsi_sell"": 55, ""rsi_ob"": 70, ""rsi_os"": 25, ""rsi_os_level"": 25, ""rsi_ob_level"": 70, ""rsi_mid_low"": 40, ""rsi_mid_high"": 60, ""macd_fast"": 12, ""macd_slow"": 26, ""macd_signal"": 5, ""bb_len"": 14, ""bb_std"": 2.0, ""stoch_k"": 14, ""stoch_d"": 3, ""stoch_ob"": 75, ""stoch_os"": 20, ""atr_len"": 10, ""adx_len"": 14, ""adx_min"": 18, ""sl_atr"": 1.5, ""tp_atr"": 2.0, ""hold_bars"": 3}"
trend_adx,16.94,516.94,4.97,55.34,571,316,255,"{""ema_fast"": 5, ""ema_slow"": 55, ""rsi_len"": 7, ""rsi_buy"": 50, ""rsi_sell"": 50, ""rsi_ob"": 70, ""rsi_os"": 25, ""rsi_os_level"": 25, ""rsi_ob_level"": 70, ""rsi_mid_low"": 40, ""rsi_mid_high"": 60, ""macd_fast"": 12, ""macd_slow"": 26, ""macd_signal"": 5, ""bb_len"": 14, ""bb_std"": 2.0, ""stoch_k"": 14, ""stoch_d"": 3, ""stoch_ob"": 75, ""stoch_os"": 20, ""atr_len"": 10, ""adx_len"": 14, ""adx_min"": 18, ""sl_atr"": 1.5, ""tp_atr"": 2.0, ""hold_bars"": 3}"
trend_adx,16.94,516.94,4.97,55.34,571,316,255,"{""ema_fast"": 5, ""ema_slow"": 55, ""rsi_len"": 7, ""rsi_buy"": 50, ""rsi_sell"": 55, ""rsi_ob"": 70, ""rsi_os"": 25, ""rsi_os_level"": 25, ""rsi_ob_level"": 70, ""rsi_mid_low"": 40, ""rsi_mid_high"": 60, ""macd_fast"": 12, ""macd_slow"": 26, ""macd_signal"": 5, ""bb_len"": 14, ""bb_std"": 2.0, ""stoch_k"": 14, ""stoch_d"": 3, ""stoch_ob"": 75, ""stoch_os"": 20, ""atr_len"": 10, ""adx_len"": 14, ""adx_min"": 18, ""sl_atr"": 1.5, ""tp_atr"": 2.0, ""hold_bars"": 3}"
ema_rsi,12.34,512.34,8.42,53.97,1599,863,736,"{""ema_fast"": 5, ""ema_slow"": 55, ""rsi_len"": 14, ""rsi_buy"": 50, ""rsi_sell"": 50, ""rsi_ob"": 70, ""rsi_os"": 25, ""rsi_os_level"": 25, ""rsi_ob_level"": 70, ""rsi_mid_low"": 40, ""rsi_mid_high"": 60, ""macd_fast"": 12, ""macd_slow"": 26, ""macd_signal"": 9, ""bb_len"": 20, ""bb_std"": 2.0, ""stoch_k"": 14, ""stoch_d"": 3, ""stoch_ob"": 75, ""stoch_os"": 20, ""atr_len"": 14, ""adx_len"": 14, ""adx_min"": 25, ""sl_atr"": 1.5, ""tp_atr"": 2.0, ""hold_bars"": 3}"
ema_rsi,9.88,509.88,8.26,53.88,1637,882,755,"{""ema_fast"": 5, ""ema_slow"": 55, ""rsi_len"": 14, ""rsi_buy"": 45, ""rsi_sell"": 50, ""rsi_ob"": 70, ""rsi_os"": 25, ""rsi_os_level"": 25, ""rsi_ob_level"": 70, ""rsi_mid_low"": 40, ""rsi_mid_high"": 60, ""macd_fast"": 12, ""macd_slow"": 26, ""macd_signal"": 9, ""bb_len"": 20, ""bb_std"": 2.0, ""stoch_k"": 14, ""stoch_d"": 3, ""stoch_ob"": 75, ""stoch_os"": 20, ""atr_len"": 14, ""adx_len"": 14, ""adx_min"": 25, ""sl_atr"": 1.5, ""tp_atr"": 2.0, ""hold_bars"": 3}"
trend_adx,5.03,505.03,5.0,49.62,530,263,267,"{""ema_fast"": 8, ""ema_slow"": 34, ""rsi_len"": 7, ""rsi_buy"": 45, ""rsi_sell"": 50, ""rsi_ob"": 70, ""rsi_os"": 25, ""rsi_os_level"": 25, ""rsi_ob_level"": 70, ""rsi_mid_low"": 40, ""rsi_mid_high"": 60, ""macd_fast"": 8, ""macd_slow"": 26, ""macd_signal"": 9, ""bb_len"": 14, ""bb_std"": 1.5, ""stoch_k"": 14, ""stoch_d"": 3, ""stoch_ob"": 75, ""stoch_os"": 20, ""atr_len"": 10, ""adx_len"": 14, ""adx_min"": 25, ""sl_atr"": 1.2, ""tp_atr"": 2.0, ""hold_bars"": 3}"
trend_adx,5.03,505.03,5.0,49.62,530,263,267,"{""ema_fast"": 8, ""ema_slow"": 34, ""rsi_len"": 7, ""rsi_buy"": 45, ""rsi_sell"": 55, ""rsi_ob"": 70, ""rsi_os"": 25, ""rsi_os_level"": 25, ""rsi_ob_level"": 70, ""rsi_mid_low"": 40, ""rsi_mid_high"": 60, ""macd_fast"": 8, ""macd_slow"": 26, ""macd_signal"": 9, ""bb_len"": 14, ""bb_std"": 1.5, ""stoch_k"": 14, ""stoch_d"": 3, ""stoch_ob"": 75, ""stoch_os"": 20, ""atr_len"": 10, ""adx_len"": 14, ""adx_min"": 25, ""sl_atr"": 1.2, ""tp_atr"": 2.0, ""hold_bars"": 3}"
trend_adx,5.03,505.03,5.0,49.62,530,263,267,"{""ema_fast"": 8, ""ema_slow"": 34, ""rsi_len"": 7, ""rsi_buy"": 50, ""rsi_sell"": 50, ""rsi_ob"": 70, ""rsi_os"": 25, ""rsi_os_level"": 25, ""rsi_ob_level"": 70, ""rsi_mid_low"": 40, ""rsi_mid_high"": 60, ""macd_fast"": 8, ""macd_slow"": 26, ""macd_signal"": 9, ""bb_len"": 14, ""bb_std"": 1.5, ""stoch_k"": 14, ""stoch_d"": 3, ""stoch_ob"": 75, ""stoch_os"": 20, ""atr_len"": 10, ""adx_len"": 14, ""adx_min"": 25, ""sl_atr"": 1.2, ""tp_atr"": 2.0, ""hold_bars"": 3}"
trend_adx,5.03,505.03,5.0,49.62,530,263,267,"{""ema_fast"": 8, ""ema_slow"": 34, ""rsi_len"": 7, ""rsi_buy"": 50, ""rsi_sell"": 55, ""rsi_ob"": 70, ""rsi_os"": 25, ""rsi_os_level"": 25, ""rsi_ob_level"": 70, ""rsi_mid_low"": 40, ""rsi_mid_high"": 60, ""macd_fast"": 8, ""macd_slow"": 26, ""macd_signal"": 9, ""bb_len"": 14, ""bb_std"": 1.5, ""stoch_k"": 14, ""stoch_d"": 3, ""stoch_ob"": 75, ""stoch_os"": 20, ""atr_len"": 10, ""adx_len"": 14, ""adx_min"": 25, ""sl_atr"": 1.2, ""tp_atr"": 2.0, ""hold_bars"": 3}"
momentum_burst,4.92,504.92,2.8,56.19,105,59,46,"{""ema_fast"": 5, ""ema_slow"": 34, ""rsi_len"": 14, ""rsi_buy"": 45, ""rsi_sell"": 50, ""rsi_ob"": 70, ""rsi_os"": 25, ""rsi_os_level"": 25, ""rsi_ob_level"": 70, ""rsi_mid_low"": 40, ""rsi_mid_high"": 60, ""macd_fast"": 12, ""macd_slow"": 21, ""macd_signal"": 5, ""bb_len"": 20, ""bb_std"": 2.0, ""stoch_k"": 7, ""stoch_d"": 3, ""stoch_ob"": 75, ""stoch_os"": 20, ""atr_len"": 10, ""adx_len"": 14, ""adx_min"": 25, ""sl_atr"": 1.5, ""tp_atr"": 2.0, ""hold_bars"": 3}"
momentum_burst,4.92,504.92,2.8,56.19,105,59,46,"{""ema_fast"": 5, ""ema_slow"": 34, ""rsi_len"": 14, ""rsi_buy"": 45, ""rsi_sell"": 55, ""rsi_ob"": 70, ""rsi_os"": 25, ""rsi_os_level"": 25, ""rsi_ob_level"": 70, ""rsi_mid_low"": 40, ""rsi_mid_high"": 60, ""macd_fast"": 12, ""macd_slow"": 21, ""macd_signal"": 5, ""bb_len"": 20, ""bb_std"": 2.0, ""stoch_k"": 7, ""stoch_d"": 3, ""stoch_ob"": 75, ""stoch_os"": 20, ""atr_len"": 10, ""adx_len"": 14, ""adx_min"": 25, ""sl_atr"": 1.5, ""tp_atr"": 2.0, ""hold_bars"": 3}"
momentum_burst,4.92,504.92,2.8,56.19,105,59,46,"{""ema_fast"": 5, ""ema_slow"": 34, ""rsi_len"": 14, ""rsi_buy"": 50, ""rsi_sell"": 50, ""rsi_ob"": 70, ""rsi_os"": 25, ""rsi_os_level"": 25, ""rsi_ob_level"": 70, ""rsi_mid_low"": 40, ""rsi_mid_high"": 60, ""macd_fast"": 12, ""macd_slow"": 21, ""macd_signal"": 5, ""bb_len"": 20, ""bb_std"": 2.0, ""stoch_k"": 7, ""stoch_d"": 3, ""stoch_ob"": 75, ""stoch_os"": 20, ""atr_len"": 10, ""adx_len"": 14, ""adx_min"": 25, ""sl_atr"": 1.5, ""tp_atr"": 2.0, ""hold_bars"": 3}"
momentum_burst,4.92,504.92,2.8,56.19,105,59,46,"{""ema_fast"": 5, ""ema_slow"": 34, ""rsi_len"": 14, ""rsi_buy"": 50, ""rsi_sell"": 55, ""rsi_ob"": 70, ""rsi_os"": 25, ""rsi_os_level"": 25, ""rsi_ob_level"": 70, ""rsi_mid_low"": 40, ""rsi_mid_high"": 60, ""macd_fast"": 12, ""macd_slow"": 21, ""macd_signal"": 5, ""bb_len"": 20, ""bb_std"": 2.0, ""stoch_k"": 7, ""stoch_d"": 3, ""stoch_ob"": 75, ""stoch_os"": 20, ""atr_len"": 10, ""adx_len"": 14, ""adx_min"": 25, ""sl_atr"": 1.5, ""tp_atr"": 2.0, ""hold_bars"": 3}"
ema_rsi,2.46,502.46,8.28,53.68,1522,817,705,"{""ema_fast"": 5, ""ema_slow"": 34, ""rsi_len"": 7, ""rsi_buy"": 45, ""rsi_sell"": 55, ""rsi_ob"": 70, ""rsi_os"": 25, ""rsi_os_level"": 25, ""rsi_ob_level"": 70, ""rsi_mid_low"": 40, ""rsi_mid_high"": 60, ""macd_fast"": 8, ""macd_slow"": 26, ""macd_signal"": 9, ""bb_len"": 14, ""bb_std"": 1.5, ""stoch_k"": 14, ""stoch_d"": 3, ""stoch_ob"": 75, ""stoch_os"": 20, ""atr_len"": 14, ""adx_len"": 14, ""adx_min"": 18, ""sl_atr"": 1.5, ""tp_atr"": 2.0, ""hold_bars"": 3}"
ema_rsi,2.14,502.14,6.42,49.44,1608,795,813,"{""ema_fast"": 5, ""ema_slow"": 55, ""rsi_len"": 7, ""rsi_buy"": 50, ""rsi_sell"": 55, ""rsi_ob"": 70, ""rsi_os"": 25, ""rsi_os_level"": 25, ""rsi_ob_level"": 70, ""rsi_mid_low"": 40, ""rsi_mid_high"": 60, ""macd_fast"": 12, ""macd_slow"": 26, ""macd_signal"": 5, ""bb_len"": 14, ""bb_std"": 2.0, ""stoch_k"": 14, ""stoch_d"": 3, ""stoch_ob"": 75, ""stoch_os"": 20, ""atr_len"": 10, ""adx_len"": 14, ""adx_min"": 18, ""sl_atr"": 1.2, ""tp_atr"": 2.0, ""hold_bars"": 3}"
ema_rsi,-0.11,499.89,9.11,53.7,1622,871,751,"{""ema_fast"": 5, ""ema_slow"": 55, ""rsi_len"": 14, ""rsi_buy"": 50, ""rsi_sell"": 55, ""rsi_ob"": 70, ""rsi_os"": 25, ""rsi_os_level"": 25, ""rsi_ob_level"": 70, ""rsi_mid_low"": 40, ""rsi_mid_high"": 60, ""macd_fast"": 12, ""macd_slow"": 26, ""macd_signal"": 9, ""bb_len"": 20, ""bb_std"": 2.0, ""stoch_k"": 14, ""stoch_d"": 3, ""stoch_ob"": 75, ""stoch_os"": 20, ""atr_len"": 14, ""adx_len"": 14, ""adx_min"": 25, ""sl_atr"": 1.5, ""tp_atr"": 2.0, ""hold_bars"": 3}"
combo_triple,-1.69,498.31,1.49,51.11,45,23,22,"{""ema_fast"": 5, ""ema_slow"": 55, ""rsi_len"": 14, ""rsi_buy"": 50, ""rsi_sell"": 50, ""rsi_ob"": 70, ""rsi_os"": 25, ""rsi_os_level"": 25, ""rsi_ob_level"": 70, ""rsi_mid_low"": 40, ""rsi_mid_high"": 60, ""macd_fast"": 12, ""macd_slow"": 26, ""macd_signal"": 9, ""bb_len"": 20, ""bb_std"": 2.0, ""stoch_k"": 14, ""stoch_d"": 3, ""stoch_ob"": 75, ""stoch_os"": 20, ""atr_len"": 14, ""adx_len"": 14, ""adx_min"": 25, ""sl_atr"": 1.5, ""tp_atr"": 2.0, ""hold_bars"": 3}"
combo_triple,-1.69,498.31,1.49,51.11,45,23,22,"{""ema_fast"": 5, ""ema_slow"": 55, ""rsi_len"": 14, ""rsi_buy"": 50, ""rsi_sell"": 55, ""rsi_ob"": 70, ""rsi_os"": 25, ""rsi_os_level"": 25, ""rsi_ob_level"": 70, ""rsi_mid_low"": 40, ""rsi_mid_high"": 60, ""macd_fast"": 12, ""macd_slow"": 26, ""macd_signal"": 9, ""bb_len"": 20, ""bb_std"": 2.0, ""stoch_k"": 14, ""stoch_d"": 3, ""stoch_ob"": 75, ""stoch_os"": 20, ""atr_len"": 14, ""adx_len"": 14, ""adx_min"": 25, ""sl_atr"": 1.5, ""tp_atr"": 2.0, ""hold_bars"": 3}"
ema_rsi,-2.27,497.73,9.44,53.59,1657,888,769,"{""ema_fast"": 5, ""ema_slow"": 55, ""rsi_len"": 14, ""rsi_buy"": 45, ""rsi_sell"": 55, ""rsi_ob"": 70, ""rsi_os"": 25, ""rsi_os_level"": 25, ""rsi_ob_level"": 70, ""rsi_mid_low"": 40, ""rsi_mid_high"": 60, ""macd_fast"": 12, ""macd_slow"": 26, ""macd_signal"": 9, ""bb_len"": 20, ""bb_std"": 2.0, ""stoch_k"": 14, ""stoch_d"": 3, ""stoch_ob"": 75, ""stoch_os"": 20, ""atr_len"": 14, ""adx_len"": 14, ""adx_min"": 25, ""sl_atr"": 1.5, ""tp_atr"": 2.0, ""hold_bars"": 3}"
momentum_burst,-2.3,497.7,1.44,46.43,56,26,30,"{""ema_fast"": 8, ""ema_slow"": 34, ""rsi_len"": 7, ""rsi_buy"": 45, ""rsi_sell"": 50, ""rsi_ob"": 70, ""rsi_os"": 25, ""rsi_os_level"": 25, ""rsi_ob_level"": 70, ""rsi_mid_low"": 40, ""rsi_mid_high"": 60, ""macd_fast"": 8, ""macd_slow"": 26, ""macd_signal"": 9, ""bb_len"": 14, ""bb_std"": 1.5, ""stoch_k"": 14, ""stoch_d"": 3, ""stoch_ob"": 75, ""stoch_os"": 20, ""atr_len"": 10, ""adx_len"": 14, ""adx_min"": 25, ""sl_atr"": 1.2, ""tp_atr"": 2.0, ""hold_bars"": 3}"
momentum_burst,-2.3,497.7,1.44,46.43,56,26,30,"{""ema_fast"": 8, ""ema_slow"": 34, ""rsi_len"": 7, ""rsi_buy"": 45, ""rsi_sell"": 55, ""rsi_ob"": 70, ""rsi_os"": 25, ""rsi_os_level"": 25, ""rsi_ob_level"": 70, ""rsi_mid_low"": 40, ""rsi_mid_high"": 60, ""macd_fast"": 8, ""macd_slow"": 26, ""macd_signal"": 9, ""bb_len"": 14, ""bb_std"": 1.5, ""stoch_k"": 14, ""stoch_d"": 3, ""stoch_ob"": 75, ""stoch_os"": 20, ""atr_len"": 10, ""adx_len"": 14, ""adx_min"": 25, ""sl_atr"": 1.2, ""tp_atr"": 2.0, ""hold_bars"": 3}"
momentum_burst,-2.3,497.7,1.44,46.43,56,26,30,"{""ema_fast"": 8, ""ema_slow"": 34, ""rsi_len"": 7, ""rsi_buy"": 50, ""rsi_sell"": 50, ""rsi_ob"": 70, ""rsi_os"": 25, ""rsi_os_level"": 25, ""rsi_ob_level"": 70, ""rsi_mid_low"": 40, ""rsi_mid_high"": 60, ""macd_fast"": 8, ""macd_slow"": 26, ""macd_signal"": 9, ""bb_len"": 14, ""bb_std"": 1.5, ""stoch_k"": 14, ""stoch_d"": 3, ""stoch_ob"": 75, ""stoch_os"": 20, ""atr_len"": 10, ""adx_len"": 14, ""adx_min"": 25, ""sl_atr"": 1.2, ""tp_atr"": 2.0, ""hold_bars"": 3}"
momentum_burst,-2.3,497.7,1.44,46.43,56,26,30,"{""ema_fast"": 8, ""ema_slow"": 34, ""rsi_len"": 7, ""rsi_buy"": 50, ""rsi_sell"": 55, ""rsi_ob"": 70, ""rsi_os"": 25, ""rsi_os_level"": 25, ""rsi_ob_level"": 70, ""rsi_mid_low"": 40, ""rsi_mid_high"": 60, ""macd_fast"": 8, ""macd_slow"": 26, ""macd_signal"": 9, ""bb_len"": 14, ""bb_std"": 1.5, ""stoch_k"": 14, ""stoch_d"": 3, ""stoch_ob"": 75, ""stoch_os"": 20, ""atr_len"": 10, ""adx_len"": 14, ""adx_min"": 25, ""sl_atr"": 1.2, ""tp_atr"": 2.0, ""hold_bars"": 3}"
combo_triple,-2.85,497.15,1.52,50.0,48,24,24,"{""ema_fast"": 5, ""ema_slow"": 55, ""rsi_len"": 14, ""rsi_buy"": 45, ""rsi_sell"": 50, ""rsi_ob"": 70, ""rsi_os"": 25, ""rsi_os_level"": 25, ""rsi_ob_level"": 70, ""rsi_mid_low"": 40, ""rsi_mid_high"": 60, ""macd_fast"": 12, ""macd_slow"": 26, ""macd_signal"": 9, ""bb_len"": 20, ""bb_std"": 2.0, ""stoch_k"": 14, ""stoch_d"": 3, ""stoch_ob"": 75, ""stoch_os"": 20, ""atr_len"": 14, ""adx_len"": 14, ""adx_min"": 25, ""sl_atr"": 1.5, ""tp_atr"": 2.0, ""hold_bars"": 3}"
combo_triple,-2.85,497.15,1.52,50.0,48,24,24,"{""ema_fast"": 5, ""ema_slow"": 55, ""rsi_len"": 14, ""rsi_buy"": 45, ""rsi_sell"": 55, ""rsi_ob"": 70, ""rsi_os"": 25, ""rsi_os_level"": 25, ""rsi_ob_level"": 70, ""rsi_mid_low"": 40, ""rsi_mid_high"": 60, ""macd_fast"": 12, ""macd_slow"": 26, ""macd_signal"": 9, ""bb_len"": 20, ""bb_std"": 2.0, ""stoch_k"": 14, ""stoch_d"": 3, ""stoch_ob"": 75, ""stoch_os"": 20, ""atr_len"": 14, ""adx_len"": 14, ""adx_min"": 25, ""sl_atr"": 1.5, ""tp_atr"": 2.0, ""hold_bars"": 3}"
combo_triple,-3.65,496.35,2.07,44.44,45,20,25,"{""ema_fast"": 5, ""ema_slow"": 55, ""rsi_len"": 14, ""rsi_buy"": 50, ""rsi_sell"": 50, ""rsi_ob"": 70, ""rsi_os"": 25, ""rsi_os_level"": 25, ""rsi_ob_level"": 70, ""rsi_mid_low"": 40, ""rsi_mid_high"": 60, ""macd_fast"": 12, ""macd_slow"": 26, ""macd_signal"": 9, ""bb_len"": 20, ""bb_std"": 2.0, ""stoch_k"": 14, ""stoch_d"": 3, ""stoch_ob"": 75, ""stoch_os"": 20, ""atr_len"": 14, ""adx_len"": 14, ""adx_min"": 25, ""sl_atr"": 1.2, ""tp_atr"": 2.0, ""hold_bars"": 3}"
combo_triple,-3.65,496.35,2.07,44.44,45,20,25,"{""ema_fast"": 5, ""ema_slow"": 55, ""rsi_len"": 14, ""rsi_buy"": 50, ""rsi_sell"": 55, ""rsi_ob"": 70, ""rsi_os"": 25, ""rsi_os_level"": 25, ""rsi_ob_level"": 70, ""rsi_mid_low"": 40, ""rsi_mid_high"": 60, ""macd_fast"": 12, ""macd_slow"": 26, ""macd_signal"": 9, ""bb_len"": 20, ""bb_std"": 2.0, ""stoch_k"": 14, ""stoch_d"": 3, ""stoch_ob"": 75, ""stoch_os"": 20, ""atr_len"": 14, ""adx_len"": 14, ""adx_min"": 25, ""sl_atr"": 1.2, ""tp_atr"": 2.0, ""hold_bars"": 3}"
combo_triple,-3.73,496.27,1.76,52.25,111,58,53,"{""ema_fast"": 5, ""ema_slow"": 55, ""rsi_len"": 7, ""rsi_buy"": 45, ""rsi_sell"": 50, ""rsi_ob"": 70, ""rsi_os"": 25, ""rsi_os_level"": 25, ""rsi_ob_level"": 70, ""rsi_mid_low"": 40, ""rsi_mid_high"": 60, ""macd_fast"": 12, ""macd_slow"": 26, ""macd_signal"": 5, ""bb_len"": 14, ""bb_std"": 2.0, ""stoch_k"": 14, ""stoch_d"": 3, ""stoch_ob"": 75, ""stoch_os"": 20, ""atr_len"": 10, ""adx_len"": 14, ""adx_min"": 18, ""sl_atr"": 1.5, ""tp_atr"": 2.0, ""hold_bars"": 3}"
combo_triple,-3.81,496.19,1.88,50.0,44,22,22,"{""ema_fast"": 8, ""ema_slow"": 21, ""rsi_len"": 14, ""rsi_buy"": 45, ""rsi_sell"": 50, ""rsi_ob"": 70, ""rsi_os"": 25, ""rsi_os_level"": 25, ""rsi_ob_level"": 70, ""rsi_mid_low"": 40, ""rsi_mid_high"": 60, ""macd_fast"": 8, ""macd_slow"": 21, ""macd_signal"": 9, ""bb_len"": 20, ""bb_std"": 1.5, ""stoch_k"": 7, ""stoch_d"": 3, ""stoch_ob"": 75, ""stoch_os"": 20, ""atr_len"": 14, ""adx_len"": 14, ""adx_min"": 18, ""sl_atr"": 1.5, ""tp_atr"": 2.0, ""hold_bars"": 3}"
combo_triple,-3.81,496.19,1.88,50.0,44,22,22,"{""ema_fast"": 8, ""ema_slow"": 21, ""rsi_len"": 14, ""rsi_buy"": 45, ""rsi_sell"": 55, ""rsi_ob"": 70, ""rsi_os"": 25, ""rsi_os_level"": 25, ""rsi_ob_level"": 70, ""rsi_mid_low"": 40, ""rsi_mid_high"": 60, ""macd_fast"": 8, ""macd_slow"": 21, ""macd_signal"": 9, ""bb_len"": 20, ""bb_std"": 1.5, ""stoch_k"": 7, ""stoch_d"": 3, ""stoch_ob"": 75, ""stoch_os"": 20, ""atr_len"": 14, ""adx_len"": 14, ""adx_min"": 18, ""sl_atr"": 1.5, ""tp_atr"": 2.0, ""hold_bars"": 3}"
combo_triple,-3.81,496.19,1.88,50.0,44,22,22,"{""ema_fast"": 8, ""ema_slow"": 21, ""rsi_len"": 14, ""rsi_buy"": 50, ""rsi_sell"": 50, ""rsi_ob"": 70, ""rsi_os"": 25, ""rsi_os_level"": 25, ""rsi_ob_level"": 70, ""rsi_mid_low"": 40, ""rsi_mid_high"": 60, ""macd_fast"": 8, ""macd_slow"": 21, ""macd_signal"": 9, ""bb_len"": 20, ""bb_std"": 1.5, ""stoch_k"": 7, ""stoch_d"": 3, ""stoch_ob"": 75, ""stoch_os"": 20, ""atr_len"": 14, ""adx_len"": 14, ""adx_min"": 18, ""sl_atr"": 1.5, ""tp_atr"": 2.0, ""hold_bars"": 3}"
combo_triple,-3.81,496.19,1.88,50.0,44,22,22,"{""ema_fast"": 8, ""ema_slow"": 21, ""rsi_len"": 14, ""rsi_buy"": 50, ""rsi_sell"": 55, ""rsi_ob"": 70, ""rsi_os"": 25, ""rsi_os_level"": 25, ""rsi_ob_level"": 70, ""rsi_mid_low"": 40, ""rsi_mid_high"": 60, ""macd_fast"": 8, ""macd_slow"": 21, ""macd_signal"": 9, ""bb_len"": 20, ""bb_std"": 1.5, ""stoch_k"": 7, ""stoch_d"": 3, ""stoch_ob"": 75, ""stoch_os"": 20, ""atr_len"": 14, ""adx_len"": 14, ""adx_min"": 18, ""sl_atr"": 1.5, ""tp_atr"": 2.0, ""hold_bars"": 3}"
ema_rsi,-3.94,496.06,7.83,49.22,1676,825,851,"{""ema_fast"": 5, ""ema_slow"": 55, ""rsi_len"": 7, ""rsi_buy"": 45, ""rsi_sell"": 55, ""rsi_ob"": 70, ""rsi_os"": 25, ""rsi_os_level"": 25, ""rsi_ob_level"": 70, ""rsi_mid_low"": 40, ""rsi_mid_high"": 60, ""macd_fast"": 12, ""macd_slow"": 26, ""macd_signal"": 5, ""bb_len"": 14, ""bb_std"": 2.0, ""stoch_k"": 14, ""stoch_d"": 3, ""stoch_ob"": 75, ""stoch_os"": 20, ""atr_len"": 10, ""adx_len"": 14, ""adx_min"": 18, ""sl_atr"": 1.2, ""tp_atr"": 2.0, ""hold_bars"": 3}"
combo_triple,-4.15,495.85,2.34,46.15,78,36,42,"{""ema_fast"": 5, ""ema_slow"": 34, ""rsi_len"": 7, ""rsi_buy"": 45, ""rsi_sell"": 50, ""rsi_ob"": 70, ""rsi_os"": 25, ""rsi_os_level"": 25, ""rsi_ob_level"": 70, ""rsi_mid_low"": 40, ""rsi_mid_high"": 60, ""macd_fast"": 8, ""macd_slow"": 26, ""macd_signal"": 9, ""bb_len"": 14, ""bb_std"": 1.5, ""stoch_k"": 14, ""stoch_d"": 3, ""stoch_ob"": 75, ""stoch_os"": 20, ""atr_len"": 14, ""adx_len"": 14, ""adx_min"": 18, ""sl_atr"": 1.2, ""tp_atr"": 2.0, ""hold_bars"": 3}"
combo_triple,-4.15,495.85,2.34,46.15,78,36,42,"{""ema_fast"": 5, ""ema_slow"": 34, ""rsi_len"": 7, ""rsi_buy"": 45, ""rsi_sell"": 55, ""rsi_ob"": 70, ""rsi_os"": 25, ""rsi_os_level"": 25, ""rsi_ob_level"": 70, ""rsi_mid_low"": 40, ""rsi_mid_high"": 60, ""macd_fast"": 8, ""macd_slow"": 26, ""macd_signal"": 9, ""bb_len"": 14, ""bb_std"": 1.5, ""stoch_k"": 14, ""stoch_d"": 3, ""stoch_ob"": 75, ""stoch_os"": 20, ""atr_len"": 14, ""adx_len"": 14, ""adx_min"": 18, ""sl_atr"": 1.2, ""tp_atr"": 2.0, ""hold_bars"": 3}"
combo_triple,-4.15,495.85,2.34,46.15,78,36,42,"{""ema_fast"": 5, ""ema_slow"": 34, ""rsi_len"": 7, ""rsi_buy"": 50, ""rsi_sell"": 50, ""rsi_ob"": 70, ""rsi_os"": 25, ""rsi_os_level"": 25, ""rsi_ob_level"": 70, ""rsi_mid_low"": 40, ""rsi_mid_high"": 60, ""macd_fast"": 8, ""macd_slow"": 26, ""macd_signal"": 9, ""bb_len"": 14, ""bb_std"": 1.5, ""stoch_k"": 14, ""stoch_d"": 3, ""stoch_ob"": 75, ""stoch_os"": 20, ""atr_len"": 14, ""adx_len"": 14, ""adx_min"": 18, ""sl_atr"": 1.2, ""tp_atr"": 2.0, ""hold_bars"": 3}"
combo_triple,-4.15,495.85,2.34,46.15,78,36,42,"{""ema_fast"": 5, ""ema_slow"": 34, ""rsi_len"": 7, ""rsi_buy"": 50, ""rsi_sell"": 55, ""rsi_ob"": 70, ""rsi_os"": 25, ""rsi_os_level"": 25, ""rsi_ob_level"": 70, ""rsi_mid_low"": 40, ""rsi_mid_high"": 60, ""macd_fast"": 8, ""macd_slow"": 26, ""macd_signal"": 9, ""bb_len"": 14, ""bb_std"": 1.5, ""stoch_k"": 14, ""stoch_d"": 3, ""stoch_ob"": 75, ""stoch_os"": 20, ""atr_len"": 14, ""adx_len"": 14, ""adx_min"": 18, ""sl_atr"": 1.2, ""tp_atr"": 2.0, ""hold_bars"": 3}"
ema_rsi,-4.39,495.61,8.0,53.48,1494,799,695,"{""ema_fast"": 5, ""ema_slow"": 34, ""rsi_len"": 7, ""rsi_buy"": 50, ""rsi_sell"": 55, ""rsi_ob"": 70, ""rsi_os"": 25, ""rsi_os_level"": 25, ""rsi_ob_level"": 70, ""rsi_mid_low"": 40, ""rsi_mid_high"": 60, ""macd_fast"": 8, ""macd_slow"": 26, ""macd_signal"": 9, ""bb_len"": 14, ""bb_std"": 1.5, ""stoch_k"": 14, ""stoch_d"": 3, ""stoch_ob"": 75, ""stoch_os"": 20, ""atr_len"": 14, ""adx_len"": 14, ""adx_min"": 18, ""sl_atr"": 1.5, ""tp_atr"": 2.0, ""hold_bars"": 3}"
combo_triple,-4.44,495.56,1.77,50.0,50,25,25,"{""ema_fast"": 5, ""ema_slow"": 34, ""rsi_len"": 14, ""rsi_buy"": 45, ""rsi_sell"": 50, ""rsi_ob"": 70, ""rsi_os"": 25, ""rsi_os_level"": 25, ""rsi_ob_level"": 70, ""rsi_mid_low"": 40, ""rsi_mid_high"": 60, ""macd_fast"": 12, ""macd_slow"": 21, ""macd_signal"": 5, ""bb_len"": 20, ""bb_std"": 2.0, ""stoch_k"": 7, ""stoch_d"": 3, ""stoch_ob"": 75, ""stoch_os"": 20, ""atr_len"": 10, ""adx_len"": 14, ""adx_min"": 25, ""sl_atr"": 1.5, ""tp_atr"": 2.0, ""hold_bars"": 3}"
combo_triple,-4.44,495.56,1.77,50.0,50,25,25,"{""ema_fast"": 5, ""ema_slow"": 34, ""rsi_len"": 14, ""rsi_buy"": 45, ""rsi_sell"": 55, ""rsi_ob"": 70, ""rsi_os"": 25, ""rsi_os_level"": 25, ""rsi_ob_level"": 70, ""rsi_mid_low"": 40, ""rsi_mid_high"": 60, ""macd_fast"": 12, ""macd_slow"": 21, ""macd_signal"": 5, ""bb_len"": 20, ""bb_std"": 2.0, ""stoch_k"": 7, ""stoch_d"": 3, ""stoch_ob"": 75, ""stoch_os"": 20, ""atr_len"": 10, ""adx_len"": 14, ""adx_min"": 25, ""sl_atr"": 1.5, ""tp_atr"": 2.0, ""hold_bars"": 3}"
combo_triple,-4.44,495.56,1.77,50.0,50,25,25,"{""ema_fast"": 5, ""ema_slow"": 34, ""rsi_len"": 14, ""rsi_buy"": 50, ""rsi_sell"": 50, ""rsi_ob"": 70, ""rsi_os"": 25, ""rsi_os_level"": 25, ""rsi_ob_level"": 70, ""rsi_mid_low"": 40, ""rsi_mid_high"": 60, ""macd_fast"": 12, ""macd_slow"": 21, ""macd_signal"": 5, ""bb_len"": 20, ""bb_std"": 2.0, ""stoch_k"": 7, ""stoch_d"": 3, ""stoch_ob"": 75, ""stoch_os"": 20, ""atr_len"": 10, ""adx_len"": 14, ""adx_min"": 25, ""sl_atr"": 1.5, ""tp_atr"": 2.0, ""hold_bars"": 3}"
combo_triple,-4.44,495.56,1.77,50.0,50,25,25,"{""ema_fast"": 5, ""ema_slow"": 34, ""rsi_len"": 14, ""rsi_buy"": 50, ""rsi_sell"": 55, ""rsi_ob"": 70, ""rsi_os"": 25, ""rsi_os_level"": 25, ""rsi_ob_level"": 70, ""rsi_mid_low"": 40, ""rsi_mid_high"": 60, ""macd_fast"": 12, ""macd_slow"": 21, ""macd_signal"": 5, ""bb_len"": 20, ""bb_std"": 2.0, ""stoch_k"": 7, ""stoch_d"": 3, ""stoch_ob"": 75, ""stoch_os"": 20, ""atr_len"": 10, ""adx_len"": 14, ""adx_min"": 25, ""sl_atr"": 1.5, ""tp_atr"": 2.0, ""hold_bars"": 3}"
combo_triple,-4.45,495.55,2.06,43.75,48,21,27,"{""ema_fast"": 5, ""ema_slow"": 55, ""rsi_len"": 14, ""rsi_buy"": 45, ""rsi_sell"": 50, ""rsi_ob"": 70, ""rsi_os"": 25, ""rsi_os_level"": 25, ""rsi_ob_level"": 70, ""rsi_mid_low"": 40, ""rsi_mid_high"": 60, ""macd_fast"": 12, ""macd_slow"": 26, ""macd_signal"": 9, ""bb_len"": 20, ""bb_std"": 2.0, ""stoch_k"": 14, ""stoch_d"": 3, ""stoch_ob"": 75, ""stoch_os"": 20, ""atr_len"": 14, ""adx_len"": 14, ""adx_min"": 25, ""sl_atr"": 1.2, ""tp_atr"": 2.0, ""hold_bars"": 3}"
combo_triple,-4.45,495.55,2.06,43.75,48,21,27,"{""ema_fast"": 5, ""ema_slow"": 55, ""rsi_len"": 14, ""rsi_buy"": 45, ""rsi_sell"": 55, ""rsi_ob"": 70, ""rsi_os"": 25, ""rsi_os_level"": 25, ""rsi_ob_level"": 70, ""rsi_mid_low"": 40, ""rsi_mid_high"": 60, ""macd_fast"": 12, ""macd_slow"": 26, ""macd_signal"": 9, ""bb_len"": 20, ""bb_std"": 2.0, ""stoch_k"": 14, ""stoch_d"": 3, ""stoch_ob"": 75, ""stoch_os"": 20, ""atr_len"": 14, ""adx_len"": 14, ""adx_min"": 25, ""sl_atr"": 1.2, ""tp_atr"": 2.0, ""hold_bars"": 3}"
combo_triple,-4.69,495.31,2.04,50.0,46,23,23,"{""ema_fast"": 5, ""ema_slow"": 21, ""rsi_len"": 14, ""rsi_buy"": 45, ""rsi_sell"": 50, ""rsi_ob"": 70, ""rsi_os"": 25, ""rsi_os_level"": 25, ""rsi_ob_level"": 70, ""rsi_mid_low"": 40, ""rsi_mid_high"": 60, ""macd_fast"": 8, ""macd_slow"": 21, ""macd_signal"": 9, ""bb_len"": 20, ""bb_std"": 1.5, ""stoch_k"": 7, ""stoch_d"": 3, ""stoch_ob"": 75, ""stoch_os"": 20, ""atr_len"": 14, ""adx_len"": 14, ""adx_min"": 25, ""sl_atr"": 1.5, ""tp_atr"": 2.0, ""hold_bars"": 3}"
combo_triple,-4.69,495.31,2.04,50.0,46,23,23,"{""ema_fast"": 5, ""ema_slow"": 21, ""rsi_len"": 14, ""rsi_buy"": 45, ""rsi_sell"": 55, ""rsi_ob"": 70, ""rsi_os"": 25, ""rsi_os_level"": 25, ""rsi_ob_level"": 70, ""rsi_mid_low"": 40, ""rsi_mid_high"": 60, ""macd_fast"": 8, ""macd_slow"": 21, ""macd_signal"": 9, ""bb_len"": 20, ""bb_std"": 1.5, ""stoch_k"": 7, ""stoch_d"": 3, ""stoch_ob"": 75, ""stoch_os"": 20, ""atr_len"": 14, ""adx_len"": 14, ""adx_min"": 25, ""sl_atr"": 1.5, ""tp_atr"": 2.0, ""hold_bars"": 3}"
combo_triple,-4.69,495.31,2.04,50.0,46,23,23,"{""ema_fast"": 5, ""ema_slow"": 21, ""rsi_len"": 14, ""rsi_buy"": 50, ""rsi_sell"": 50, ""rsi_ob"": 70, ""rsi_os"": 25, ""rsi_os_level"": 25, ""rsi_ob_level"": 70, ""rsi_mid_low"": 40, ""rsi_mid_high"": 60, ""macd_fast"": 8, ""macd_slow"": 21, ""macd_signal"": 9, ""bb_len"": 20, ""bb_std"": 1.5, ""stoch_k"": 7, ""stoch_d"": 3, ""stoch_ob"": 75, ""stoch_os"": 20, ""atr_len"": 14, ""adx_len"": 14, ""adx_min"": 25, ""sl_atr"": 1.5, ""tp_atr"": 2.0, ""hold_bars"": 3}"
combo_triple,-4.69,495.31,2.04,50.0,46,23,23,"{""ema_fast"": 5, ""ema_slow"": 21, ""rsi_len"": 14, ""rsi_buy"": 50, ""rsi_sell"": 55, ""rsi_ob"": 70, ""rsi_os"": 25, ""rsi_os_level"": 25, ""rsi_ob_level"": 70, ""rsi_mid_low"": 40, ""rsi_mid_high"": 60, ""macd_fast"": 8, ""macd_slow"": 21, ""macd_signal"": 9, ""bb_len"": 20, ""bb_std"": 1.5, ""stoch_k"": 7, ""stoch_d"": 3, ""stoch_ob"": 75, ""stoch_os"": 20, ""atr_len"": 14, ""adx_len"": 14, ""adx_min"": 25, ""sl_atr"": 1.5, ""tp_atr"": 2.0, ""hold_bars"": 3}"
combo_triple,-4.7,495.3,2.33,50.79,63,32,31,"{""ema_fast"": 5, ""ema_slow"": 21, ""rsi_len"": 7, ""rsi_buy"": 45, ""rsi_sell"": 50, ""rsi_ob"": 70, ""rsi_os"": 25, ""rsi_os_level"": 25, ""rsi_ob_level"": 70, ""rsi_mid_low"": 40, ""rsi_mid_high"": 60, ""macd_fast"": 8, ""macd_slow"": 21, ""macd_signal"": 5, ""bb_len"": 14, ""bb_std"": 1.5, ""stoch_k"": 7, ""stoch_d"": 3, ""stoch_ob"": 75, ""stoch_os"": 20, ""atr_len"": 10, ""adx_len"": 14, ""adx_min"": 18, ""sl_atr"": 1.5, ""tp_atr"": 2.0, ""hold_bars"": 3}"
combo_triple,-4.7,495.3,2.33,50.79,63,32,31,"{""ema_fast"": 5, ""ema_slow"": 21, ""rsi_len"": 7, ""rsi_buy"": 45, ""rsi_sell"": 55, ""rsi_ob"": 70, ""rsi_os"": 25, ""rsi_os_level"": 25, ""rsi_ob_level"": 70, ""rsi_mid_low"": 40, ""rsi_mid_high"": 60, ""macd_fast"": 8, ""macd_slow"": 21, ""macd_signal"": 5, ""bb_len"": 14, ""bb_std"": 1.5, ""stoch_k"": 7, ""stoch_d"": 3, ""stoch_ob"": 75, ""stoch_os"": 20, ""atr_len"": 10, ""adx_len"": 14, ""adx_min"": 18, ""sl_atr"": 1.5, ""tp_atr"": 2.0, ""hold_bars"": 3}"
combo_triple,-4.7,495.3,2.33,50.79,63,32,31,"{""ema_fast"": 5, ""ema_slow"": 21, ""rsi_len"": 7, ""rsi_buy"": 50, ""rsi_sell"": 50, ""rsi_ob"": 70, ""rsi_os"": 25, ""rsi_os_level"": 25, ""rsi_ob_level"": 70, ""rsi_mid_low"": 40, ""rsi_mid_high"": 60, ""macd_fast"": 8, ""macd_slow"": 21, ""macd_signal"": 5, ""bb_len"": 14, ""bb_std"": 1.5, ""stoch_k"": 7, ""stoch_d"": 3, ""stoch_ob"": 75, ""stoch_os"": 20, ""atr_len"": 10, ""adx_len"": 14, ""adx_min"": 18, ""sl_atr"": 1.5, ""tp_atr"": 2.0, ""hold_bars"": 3}"
combo_triple,-4.7,495.3,2.33,50.79,63,32,31,"{""ema_fast"": 5, ""ema_slow"": 21, ""rsi_len"": 7, ""rsi_buy"": 50, ""rsi_sell"": 55, ""rsi_ob"": 70, ""rsi_os"": 25, ""rsi_os_level"": 25, ""rsi_ob_level"": 70, ""rsi_mid_low"": 40, ""rsi_mid_high"": 60, ""macd_fast"": 8, ""macd_slow"": 21, ""macd_signal"": 5, ""bb_len"": 14, ""bb_std"": 1.5, ""stoch_k"": 7, ""stoch_d"": 3, ""stoch_ob"": 75, ""stoch_os"": 20, ""atr_len"": 10, ""adx_len"": 14, ""adx_min"": 18, ""sl_atr"": 1.5, ""tp_atr"": 2.0, ""hold_bars"": 3}"
combo_triple,-4.73,495.27,1.95,51.82,110,57,53,"{""ema_fast"": 5, ""ema_slow"": 55, ""rsi_len"": 7, ""rsi_buy"": 50, ""rsi_sell"": 50, ""rsi_ob"": 70, ""rsi_os"": 25, ""rsi_os_level"": 25, ""rsi_ob_level"": 70, ""rsi_mid_low"": 40, ""rsi_mid_high"": 60, ""macd_fast"": 12, ""macd_slow"": 26, ""macd_signal"": 5, ""bb_len"": 14, ""bb_std"": 2.0, ""stoch_k"": 14, ""stoch_d"": 3, ""stoch_ob"": 75, ""stoch_os"": 20, ""atr_len"": 10, ""adx_len"": 14, ""adx_min"": 18, ""sl_atr"": 1.5, ""tp_atr"": 2.0, ""hold_bars"": 3}"
combo_triple,-5.34,494.66,2.72,50.0,76,38,38,"{""ema_fast"": 5, ""ema_slow"": 34, ""rsi_len"": 7, ""rsi_buy"": 45, ""rsi_sell"": 50, ""rsi_ob"": 70, ""rsi_os"": 25, ""rsi_os_level"": 25, ""rsi_ob_level"": 70, ""rsi_mid_low"": 40, ""rsi_mid_high"": 60, ""macd_fast"": 8, ""macd_slow"": 26, ""macd_signal"": 9, ""bb_len"": 14, ""bb_std"": 1.5, ""stoch_k"": 14, ""stoch_d"": 3, ""stoch_ob"": 75, ""stoch_os"": 20, ""atr_len"": 14, ""adx_len"": 14, ""adx_min"": 18, ""sl_atr"": 1.5, ""tp_atr"": 2.0, ""hold_bars"": 3}"
combo_triple,-5.34,494.66,2.72,50.0,76,38,38,"{""ema_fast"": 5, ""ema_slow"": 34, ""rsi_len"": 7, ""rsi_buy"": 45, ""rsi_sell"": 55, ""rsi_ob"": 70, ""rsi_os"": 25, ""rsi_os_level"": 25, ""rsi_ob_level"": 70, ""rsi_mid_low"": 40, ""rsi_mid_high"": 60, ""macd_fast"": 8, ""macd_slow"": 26, ""macd_signal"": 9, ""bb_len"": 14, ""bb_std"": 1.5, ""stoch_k"": 14, ""stoch_d"": 3, ""stoch_ob"": 75, ""stoch_os"": 20, ""atr_len"": 14, ""adx_len"": 14, ""adx_min"": 18, ""sl_atr"": 1.5, ""tp_atr"": 2.0, ""hold_bars"": 3}"
combo_triple,-5.34,494.66,2.72,50.0,76,38,38,"{""ema_fast"": 5, ""ema_slow"": 34, ""rsi_len"": 7, ""rsi_buy"": 50, ""rsi_sell"": 50, ""rsi_ob"": 70, ""rsi_os"": 25, ""rsi_os_level"": 25, ""rsi_ob_level"": 70, ""rsi_mid_low"": 40, ""rsi_mid_high"": 60, ""macd_fast"": 8, ""macd_slow"": 26, ""macd_signal"": 9, ""bb_len"": 14, ""bb_std"": 1.5, ""stoch_k"": 14, ""stoch_d"": 3, ""stoch_ob"": 75, ""stoch_os"": 20, ""atr_len"": 14, ""adx_len"": 14, ""adx_min"": 18, ""sl_atr"": 1.5, ""tp_atr"": 2.0, ""hold_bars"": 3}"
combo_triple,-5.34,494.66,2.72,50.0,76,38,38,"{""ema_fast"": 5, ""ema_slow"": 34, ""rsi_len"": 7, ""rsi_buy"": 50, ""rsi_sell"": 55, ""rsi_ob"": 70, ""rsi_os"": 25, ""rsi_os_level"": 25, ""rsi_ob_level"": 70, ""rsi_mid_low"": 40, ""rsi_mid_high"": 60, ""macd_fast"": 8, ""macd_slow"": 26, ""macd_signal"": 9, ""bb_len"": 14, ""bb_std"": 1.5, ""stoch_k"": 14, ""stoch_d"": 3, ""stoch_ob"": 75, ""stoch_os"": 20, ""atr_len"": 14, ""adx_len"": 14, ""adx_min"": 18, ""sl_atr"": 1.5, ""tp_atr"": 2.0, ""hold_bars"": 3}"
momentum_burst,-5.66,494.34,2.54,47.62,105,50,55,"{""ema_fast"": 5, ""ema_slow"": 34, ""rsi_len"": 14, ""rsi_buy"": 45, ""rsi_sell"": 50, ""rsi_ob"": 70, ""rsi_os"": 25, ""rsi_os_level"": 25, ""rsi_ob_level"": 70, ""rsi_mid_low"": 40, ""rsi_mid_high"": 60, ""macd_fast"": 12, ""macd_slow"": 21, ""macd_signal"": 5, ""bb_len"": 20, ""bb_std"": 2.0, ""stoch_k"": 7, ""stoch_d"": 3, ""stoch_ob"": 75, ""stoch_os"": 20, ""atr_len"": 10, ""adx_len"": 14, ""adx_min"": 25, ""sl_atr"": 1.2, ""tp_atr"": 2.0, ""hold_bars"": 3}"
momentum_burst,-5.66,494.34,2.54,47.62,105,50,55,"{""ema_fast"": 5, ""ema_slow"": 34, ""rsi_len"": 14, ""rsi_buy"": 45, ""rsi_sell"": 55, ""rsi_ob"": 70, ""rsi_os"": 25, ""rsi_os_level"": 25, ""rsi_ob_level"": 70, ""rsi_mid_low"": 40, ""rsi_mid_high"": 60, ""macd_fast"": 12, ""macd_slow"": 21, ""macd_signal"": 5, ""bb_len"": 20, ""bb_std"": 2.0, ""stoch_k"": 7, ""stoch_d"": 3, ""stoch_ob"": 75, ""stoch_os"": 20, ""atr_len"": 10, ""adx_len"": 14, ""adx_min"": 25, ""sl_atr"": 1.2, ""tp_atr"": 2.0, ""hold_bars"": 3}"
momentum_burst,-5.66,494.34,2.54,47.62,105,50,55,"{""ema_fast"": 5, ""ema_slow"": 34, ""rsi_len"": 14, ""rsi_buy"": 50, ""rsi_sell"": 50, ""rsi_ob"": 70, ""rsi_os"": 25, ""rsi_os_level"": 25, ""rsi_ob_level"": 70, ""rsi_mid_low"": 40, ""rsi_mid_high"": 60, ""macd_fast"": 12, ""macd_slow"": 21, ""macd_signal"": 5, ""bb_len"": 20, ""bb_std"": 2.0, ""stoch_k"": 7, ""stoch_d"": 3, ""stoch_ob"": 75, ""stoch_os"": 20, ""atr_len"": 10, ""adx_len"": 14, ""adx_min"": 25, ""sl_atr"": 1.2, ""tp_atr"": 2.0, ""hold_bars"": 3}"
momentum_burst,-5.66,494.34,2.54,47.62,105,50,55,"{""ema_fast"": 5, ""ema_slow"": 34, ""rsi_len"": 14, ""rsi_buy"": 50, ""rsi_sell"": 55, ""rsi_ob"": 70, ""rsi_os"": 25, ""rsi_os_level"": 25, ""rsi_ob_level"": 70, ""rsi_mid_low"": 40, ""rsi_mid_high"": 60, ""macd_fast"": 12, ""macd_slow"": 21, ""macd_signal"": 5, ""bb_len"": 20, ""bb_std"": 2.0, ""stoch_k"": 7, ""stoch_d"": 3, ""stoch_ob"": 75, ""stoch_os"": 20, ""atr_len"": 10, ""adx_len"": 14, ""adx_min"": 25, ""sl_atr"": 1.2, ""tp_atr"": 2.0, ""hold_bars"": 3}"
combo_triple,-5.84,494.16,1.85,51.35,111,57,54,"{""ema_fast"": 5, ""ema_slow"": 55, ""rsi_len"": 7, ""rsi_buy"": 45, ""rsi_sell"": 55, ""rsi_ob"": 70, ""rsi_os"": 25, ""rsi_os_level"": 25, ""rsi_ob_level"": 70, ""rsi_mid_low"": 40, ""rsi_mid_high"": 60, ""macd_fast"": 12, ""macd_slow"": 26, ""macd_signal"": 5, ""bb_len"": 14, ""bb_std"": 2.0, ""stoch_k"": 14, ""stoch_d"": 3, ""stoch_ob"": 75, ""stoch_os"": 20, ""atr_len"": 10, ""adx_len"": 14, ""adx_min"": 18, ""sl_atr"": 1.5, ""tp_atr"": 2.0, ""hold_bars"": 3}"
combo_triple,-6.84,493.16,2.05,50.91,110,56,54,"{""ema_fast"": 5, ""ema_slow"": 55, ""rsi_len"": 7, ""rsi_buy"": 50, ""rsi_sell"": 55, ""rsi_ob"": 70, ""rsi_os"": 25, ""rsi_os_level"": 25, ""rsi_ob_level"": 70, ""rsi_mid_low"": 40, ""rsi_mid_high"": 60, ""macd_fast"": 12, ""macd_slow"": 26, ""macd_signal"": 5, ""bb_len"": 14, ""bb_std"": 2.0, ""stoch_k"": 14, ""stoch_d"": 3, ""stoch_ob"": 75, ""stoch_os"": 20, ""atr_len"": 10, ""adx_len"": 14, ""adx_min"": 18, ""sl_atr"": 1.5, ""tp_atr"": 2.0, ""hold_bars"": 3}"
combo_triple,-6.88,493.12,2.33,43.14,51,22,29,"{""ema_fast"": 5, ""ema_slow"": 34, ""rsi_len"": 14, ""rsi_buy"": 45, ""rsi_sell"": 50, ""rsi_ob"": 70, ""rsi_os"": 25, ""rsi_os_level"": 25, ""rsi_ob_level"": 70, ""rsi_mid_low"": 40, ""rsi_mid_high"": 60, ""macd_fast"": 12, ""macd_slow"": 21, ""macd_signal"": 5, ""bb_len"": 20, ""bb_std"": 2.0, ""stoch_k"": 7, ""stoch_d"": 3, ""stoch_ob"": 75, ""stoch_os"": 20, ""atr_len"": 10, ""adx_len"": 14, ""adx_min"": 25, ""sl_atr"": 1.2, ""tp_atr"": 2.0, ""hold_bars"": 3}"
combo_triple,-6.88,493.12,2.33,43.14,51,22,29,"{""ema_fast"": 5, ""ema_slow"": 34, ""rsi_len"": 14, ""rsi_buy"": 45, ""rsi_sell"": 55, ""rsi_ob"": 70, ""rsi_os"": 25, ""rsi_os_level"": 25, ""rsi_ob_level"": 70, ""rsi_mid_low"": 40, ""rsi_mid_high"": 60, ""macd_fast"": 12, ""macd_slow"": 21, ""macd_signal"": 5, ""bb_len"": 20, ""bb_std"": 2.0, ""stoch_k"": 7, ""stoch_d"": 3, ""stoch_ob"": 75, ""stoch_os"": 20, ""atr_len"": 10, ""adx_len"": 14, ""adx_min"": 25, ""sl_atr"": 1.2, ""tp_atr"": 2.0, ""hold_bars"": 3}"
combo_triple,-6.88,493.12,2.33,43.14,51,22,29,"{""ema_fast"": 5, ""ema_slow"": 34, ""rsi_len"": 14, ""rsi_buy"": 50, ""rsi_sell"": 50, ""rsi_ob"": 70, ""rsi_os"": 25, ""rsi_os_level"": 25, ""rsi_ob_level"": 70, ""rsi_mid_low"": 40, ""rsi_mid_high"": 60, ""macd_fast"": 12, ""macd_slow"": 21, ""macd_signal"": 5, ""bb_len"": 20, ""bb_std"": 2.0, ""stoch_k"": 7, ""stoch_d"": 3, ""stoch_ob"": 75, ""stoch_os"": 20, ""atr_len"": 10, ""adx_len"": 14, ""adx_min"": 25, ""sl_atr"": 1.2, ""tp_atr"": 2.0, ""hold_bars"": 3}"
combo_triple,-6.88,493.12,2.33,43.14,51,22,29,"{""ema_fast"": 5, ""ema_slow"": 34, ""rsi_len"": 14, ""rsi_buy"": 50, ""rsi_sell"": 55, ""rsi_ob"": 70, ""rsi_os"": 25, ""rsi_os_level"": 25, ""rsi_ob_level"": 70, ""rsi_mid_low"": 40, ""rsi_mid_high"": 60, ""macd_fast"": 12, ""macd_slow"": 21, ""macd_signal"": 5, ""bb_len"": 20, ""bb_std"": 2.0, ""stoch_k"": 7, ""stoch_d"": 3, ""stoch_ob"": 75, ""stoch_os"": 20, ""atr_len"": 10, ""adx_len"": 14, ""adx_min"": 25, ""sl_atr"": 1.2, ""tp_atr"": 2.0, ""hold_bars"": 3}"
ema_rsi,-6.92,493.08,7.36,53.39,1459,779,680,"{""ema_fast"": 5, ""ema_slow"": 34, ""rsi_len"": 7, ""rsi_buy"": 50, ""rsi_sell"": 50, ""rsi_ob"": 70, ""rsi_os"": 25, ""rsi_os_level"": 25, ""rsi_ob_level"": 70, ""rsi_mid_low"": 40, ""rsi_mid_high"": 60, ""macd_fast"": 8, ""macd_slow"": 26, ""macd_signal"": 9, ""bb_len"": 14, ""bb_std"": 1.5, ""stoch_k"": 14, ""stoch_d"": 3, ""stoch_ob"": 75, ""stoch_os"": 20, ""atr_len"": 14, ""adx_len"": 14, ""adx_min"": 18, ""sl_atr"": 1.5, ""tp_atr"": 2.0, ""hold_bars"": 3}"
combo_triple,-7.47,492.53,2.61,40.91,44,18,26,"{""ema_fast"": 8, ""ema_slow"": 21, ""rsi_len"": 14, ""rsi_buy"": 45, ""rsi_sell"": 50, ""rsi_ob"": 70, ""rsi_os"": 25, ""rsi_os_level"": 25, ""rsi_ob_level"": 70, ""rsi_mid_low"": 40, ""rsi_mid_high"": 60, ""macd_fast"": 8, ""macd_slow"": 21, ""macd_signal"": 9, ""bb_len"": 20, ""bb_std"": 1.5, ""stoch_k"": 7, ""stoch_d"": 3, ""stoch_ob"": 75, ""stoch_os"": 20, ""atr_len"": 14, ""adx_len"": 14, ""adx_min"": 18, ""sl_atr"": 1.2, ""tp_atr"": 2.0, ""hold_bars"": 3}"
combo_triple,-7.47,492.53,2.61,40.91,44,18,26,"{""ema_fast"": 8, ""ema_slow"": 21, ""rsi_len"": 14, ""rsi_buy"": 45, ""rsi_sell"": 55, ""rsi_ob"": 70, ""rsi_os"": 25, ""rsi_os_level"": 25, ""rsi_ob_level"": 70, ""rsi_mid_low"": 40, ""rsi_mid_high"": 60, ""macd_fast"": 8, ""macd_slow"": 21, ""macd_signal"": 9, ""bb_len"": 20, ""bb_std"": 1.5, ""stoch_k"": 7, ""stoch_d"": 3, ""stoch_ob"": 75, ""stoch_os"": 20, ""atr_len"": 14, ""adx_len"": 14, ""adx_min"": 18, ""sl_atr"": 1.2, ""tp_atr"": 2.0, ""hold_bars"": 3}"
combo_triple,-7.47,492.53,2.61,40.91,44,18,26,"{""ema_fast"": 8, ""ema_slow"": 21, ""rsi_len"": 14, ""rsi_buy"": 50, ""rsi_sell"": 50, ""rsi_ob"": 70, ""rsi_os"": 25, ""rsi_os_level"": 25, ""rsi_ob_level"": 70, ""rsi_mid_low"": 40, ""rsi_mid_high"": 60, ""macd_fast"": 8, ""macd_slow"": 21, ""macd_signal"": 9, ""bb_len"": 20, ""bb_std"": 1.5, ""stoch_k"": 7, ""stoch_d"": 3, ""stoch_ob"": 75, ""stoch_os"": 20, ""atr_len"": 14, ""adx_len"": 14, ""adx_min"": 18, ""sl_atr"": 1.2, ""tp_atr"": 2.0, ""hold_bars"": 3}"
combo_triple,-7.47,492.53,2.61,40.91,44,18,26,"{""ema_fast"": 8, ""ema_slow"": 21, ""rsi_len"": 14, ""rsi_buy"": 50, ""rsi_sell"": 55, ""rsi_ob"": 70, ""rsi_os"": 25, ""rsi_os_level"": 25, ""rsi_ob_level"": 70, ""rsi_mid_low"": 40, ""rsi_mid_high"": 60, ""macd_fast"": 8, ""macd_slow"": 21, ""macd_signal"": 9, ""bb_len"": 20, ""bb_std"": 1.5, ""stoch_k"": 7, ""stoch_d"": 3, ""stoch_ob"": 75, ""stoch_os"": 20, ""atr_len"": 14, ""adx_len"": 14, ""adx_min"": 18, ""sl_atr"": 1.2, ""tp_atr"": 2.0, ""hold_bars"": 3}"
combo_triple,-7.62,492.38,2.66,43.66,71,31,40,"{""ema_fast"": 8, ""ema_slow"": 34, ""rsi_len"": 7, ""rsi_buy"": 45, ""rsi_sell"": 50, ""rsi_ob"": 70, ""rsi_os"": 25, ""rsi_os_level"": 25, ""rsi_ob_level"": 70, ""rsi_mid_low"": 40, ""rsi_mid_high"": 60, ""macd_fast"": 8, ""macd_slow"": 26, ""macd_signal"": 9, ""bb_len"": 14, ""bb_std"": 1.5, ""stoch_k"": 14, ""stoch_d"": 3, ""stoch_ob"": 75, ""stoch_os"": 20, ""atr_len"": 10, ""adx_len"": 14, ""adx_min"": 25, ""sl_atr"": 1.2, ""tp_atr"": 2.0, ""hold_bars"": 3}"
combo_triple,-7.62,492.38,2.66,43.66,71,31,40,"{""ema_fast"": 8, ""ema_slow"": 34, ""rsi_len"": 7, ""rsi_buy"": 45, ""rsi_sell"": 55, ""rsi_ob"": 70, ""rsi_os"": 25, ""rsi_os_level"": 25, ""rsi_ob_level"": 70, ""rsi_mid_low"": 40, ""rsi_mid_high"": 60, ""macd_fast"": 8, ""macd_slow"": 26, ""macd_signal"": 9, ""bb_len"": 14, ""bb_std"": 1.5, ""stoch_k"": 14, ""stoch_d"": 3, ""stoch_ob"": 75, ""stoch_os"": 20, ""atr_len"": 10, ""adx_len"": 14, ""adx_min"": 25, ""sl_atr"": 1.2, ""tp_atr"": 2.0, ""hold_bars"": 3}"
combo_triple,-7.62,492.38,2.66,43.66,71,31,40,"{""ema_fast"": 8, ""ema_slow"": 34, ""rsi_len"": 7, ""rsi_buy"": 50, ""rsi_sell"": 50, ""rsi_ob"": 70, ""rsi_os"": 25, ""rsi_os_level"": 25, ""rsi_ob_level"": 70, ""rsi_mid_low"": 40, ""rsi_mid_high"": 60, ""macd_fast"": 8, ""macd_slow"": 26, ""macd_signal"": 9, ""bb_len"": 14, ""bb_std"": 1.5, ""stoch_k"": 14, ""stoch_d"": 3, ""stoch_ob"": 75, ""stoch_os"": 20, ""atr_len"": 10, ""adx_len"": 14, ""adx_min"": 25, ""sl_atr"": 1.2, ""tp_atr"": 2.0, ""hold_bars"": 3}"
combo_triple,-7.62,492.38,2.66,43.66,71,31,40,"{""ema_fast"": 8, ""ema_slow"": 34, ""rsi_len"": 7, ""rsi_buy"": 50, ""rsi_sell"": 55, ""rsi_ob"": 70, ""rsi_os"": 25, ""rsi_os_level"": 25, ""rsi_ob_level"": 70, ""rsi_mid_low"": 40, ""rsi_mid_high"": 60, ""macd_fast"": 8, ""macd_slow"": 26, ""macd_signal"": 9, ""bb_len"": 14, ""bb_std"": 1.5, ""stoch_k"": 14, ""stoch_d"": 3, ""stoch_ob"": 75, ""stoch_os"": 20, ""atr_len"": 10, ""adx_len"": 14, ""adx_min"": 25, ""sl_atr"": 1.2, ""tp_atr"": 2.0, ""hold_bars"": 3}"
momentum_burst,-7.92,492.08,2.91,45.9,61,28,33,"{""ema_fast"": 5, ""ema_slow"": 55, ""rsi_len"": 14, ""rsi_buy"": 45, ""rsi_sell"": 50, ""rsi_ob"": 70, ""rsi_os"": 25, ""rsi_os_level"": 25, ""rsi_ob_level"": 70, ""rsi_mid_low"": 40, ""rsi_mid_high"": 60, ""macd_fast"": 12, ""macd_slow"": 26, ""macd_signal"": 9, ""bb_len"": 20, ""bb_std"": 2.0, ""stoch_k"": 14, ""stoch_d"": 3, ""stoch_ob"": 75, ""stoch_os"": 20, ""atr_len"": 14, ""adx_len"": 14, ""adx_min"": 25, ""sl_atr"": 1.5, ""tp_atr"": 2.0, ""hold_bars"": 3}"
momentum_burst,-7.92,492.08,2.91,45.9,61,28,33,"{""ema_fast"": 5, ""ema_slow"": 55, ""rsi_len"": 14, ""rsi_buy"": 45, ""rsi_sell"": 55, ""rsi_ob"": 70, ""rsi_os"": 25, ""rsi_os_level"": 25, ""rsi_ob_level"": 70, ""rsi_mid_low"": 40, ""rsi_mid_high"": 60, ""macd_fast"": 12, ""macd_slow"": 26, ""macd_signal"": 9, ""bb_len"": 20, ""bb_std"": 2.0, ""stoch_k"": 14, ""stoch_d"": 3, ""stoch_ob"": 75, ""stoch_os"": 20, ""atr_len"": 14, ""adx_len"": 14, ""adx_min"": 25, ""sl_atr"": 1.5, ""tp_atr"": 2.0, ""hold_bars"": 3}"
momentum_burst,-7.92,492.08,2.91,45.9,61,28,33,"{""ema_fast"": 5, ""ema_slow"": 55, ""rsi_len"": 14, ""rsi_buy"": 50, ""rsi_sell"": 50, ""rsi_ob"": 70, ""rsi_os"": 25, ""rsi_os_level"": 25, ""rsi_ob_level"": 70, ""rsi_mid_low"": 40, ""rsi_mid_high"": 60, ""macd_fast"": 12, ""macd_slow"": 26, ""macd_signal"": 9, ""bb_len"": 20, ""bb_std"": 2.0, ""stoch_k"": 14, ""stoch_d"": 3, ""stoch_ob"": 75, ""stoch_os"": 20, ""atr_len"": 14, ""adx_len"": 14, ""adx_min"": 25, ""sl_atr"": 1.5, ""tp_atr"": 2.0, ""hold_bars"": 3}"
momentum_burst,-7.92,492.08,2.91,45.9,61,28,33,"{""ema_fast"": 5, ""ema_slow"": 55, ""rsi_len"": 14, ""rsi_buy"": 50, ""rsi_sell"": 55, ""rsi_ob"": 70, ""rsi_os"": 25, ""rsi_os_level"": 25, ""rsi_ob_level"": 70, ""rsi_mid_low"": 40, ""rsi_mid_high"": 60, ""macd_fast"": 12, ""macd_slow"": 26, ""macd_signal"": 9, ""bb_len"": 20, ""bb_std"": 2.0, ""stoch_k"": 14, ""stoch_d"": 3, ""stoch_ob"": 75, ""stoch_os"": 20, ""atr_len"": 14, ""adx_len"": 14, ""adx_min"": 25, ""sl_atr"": 1.5, ""tp_atr"": 2.0, ""hold_bars"": 3}"
combo_triple,-8.11,491.89,2.85,41.3,46,19,27,"{""ema_fast"": 5, ""ema_slow"": 21, ""rsi_len"": 14, ""rsi_buy"": 45, ""rsi_sell"": 50, ""rsi_ob"": 70, ""rsi_os"": 25, ""rsi_os_level"": 25, ""rsi_ob_level"": 70, ""rsi_mid_low"": 40, ""rsi_mid_high"": 60, ""macd_fast"": 8, ""macd_slow"": 21, ""macd_signal"": 9, ""bb_len"": 20, ""bb_std"": 1.5, ""stoch_k"": 7, ""stoch_d"": 3, ""stoch_ob"": 75, ""stoch_os"": 20, ""atr_len"": 14, ""adx_len"": 14, ""adx_min"": 25, ""sl_atr"": 1.2, ""tp_atr"": 2.0, ""hold_bars"": 3}"
combo_triple,-8.11,491.89,2.85,41.3,46,19,27,"{""ema_fast"": 5, ""ema_slow"": 21, ""rsi_len"": 14, ""rsi_buy"": 45, ""rsi_sell"": 55, ""rsi_ob"": 70, ""rsi_os"": 25, ""rsi_os_level"": 25, ""rsi_ob_level"": 70, ""rsi_mid_low"": 40, ""rsi_mid_high"": 60, ""macd_fast"": 8, ""macd_slow"": 21, ""macd_signal"": 9, ""bb_len"": 20, ""bb_std"": 1.5, ""stoch_k"": 7, ""stoch_d"": 3, ""stoch_ob"": 75, ""stoch_os"": 20, ""atr_len"": 14, ""adx_len"": 14, ""adx_min"": 25, ""sl_atr"": 1.2, ""tp_atr"": 2.0, ""hold_bars"": 3}"
combo_triple,-8.11,491.89,2.85,41.3,46,19,27,"{""ema_fast"": 5, ""ema_slow"": 21, ""rsi_len"": 14, ""rsi_buy"": 50, ""rsi_sell"": 50, ""rsi_ob"": 70, ""rsi_os"": 25, ""rsi_os_level"": 25, ""rsi_ob_level"": 70, ""rsi_mid_low"": 40, ""rsi_mid_high"": 60, ""macd_fast"": 8, ""macd_slow"": 21, ""macd_signal"": 9, ""bb_len"": 20, ""bb_std"": 1.5, ""stoch_k"": 7, ""stoch_d"": 3, ""stoch_ob"": 75, ""stoch_os"": 20, ""atr_len"": 14, ""adx_len"": 14, ""adx_min"": 25, ""sl_atr"": 1.2, ""tp_atr"": 2.0, ""hold_bars"": 3}"
combo_triple,-8.11,491.89,2.85,41.3,46,19,27,"{""ema_fast"": 5, ""ema_slow"": 21, ""rsi_len"": 14, ""rsi_buy"": 50, ""rsi_sell"": 55, ""rsi_ob"": 70, ""rsi_os"": 25, ""rsi_os_level"": 25, ""rsi_ob_level"": 70, ""rsi_mid_low"": 40, ""rsi_mid_high"": 60, ""macd_fast"": 8, ""macd_slow"": 21, ""macd_signal"": 9, ""bb_len"": 20, ""bb_std"": 1.5, ""stoch_k"": 7, ""stoch_d"": 3, ""stoch_ob"": 75, ""stoch_os"": 20, ""atr_len"": 14, ""adx_len"": 14, ""adx_min"": 25, ""sl_atr"": 1.2, ""tp_atr"": 2.0, ""hold_bars"": 3}"
combo_triple,-8.37,491.63,2.28,43.94,66,29,37,"{""ema_fast"": 5, ""ema_slow"": 21, ""rsi_len"": 7, ""rsi_buy"": 45, ""rsi_sell"": 50, ""rsi_ob"": 70, ""rsi_os"": 25, ""rsi_os_level"": 25, ""rsi_ob_level"": 70, ""rsi_mid_low"": 40, ""rsi_mid_high"": 60, ""macd_fast"": 8, ""macd_slow"": 21, ""macd_signal"": 5, ""bb_len"": 14, ""bb_std"": 1.5, ""stoch_k"": 7, ""stoch_d"": 3, ""stoch_ob"": 75, ""stoch_os"": 20, ""atr_len"": 10, ""adx_len"": 14, ""adx_min"": 18, ""sl_atr"": 1.2, ""tp_atr"": 2.0, ""hold_bars"": 3}"
combo_triple,-8.37,491.63,2.28,43.94,66,29,37,"{""ema_fast"": 5, ""ema_slow"": 21, ""rsi_len"": 7, ""rsi_buy"": 45, ""rsi_sell"": 55, ""rsi_ob"": 70, ""rsi_os"": 25, ""rsi_os_level"": 25, ""rsi_ob_level"": 70, ""rsi_mid_low"": 40, ""rsi_mid_high"": 60, ""macd_fast"": 8, ""macd_slow"": 21, ""macd_signal"": 5, ""bb_len"": 14, ""bb_std"": 1.5, ""stoch_k"": 7, ""stoch_d"": 3, ""stoch_ob"": 75, ""stoch_os"": 20, ""atr_len"": 10, ""adx_len"": 14, ""adx_min"": 18, ""sl_atr"": 1.2, ""tp_atr"": 2.0, ""hold_bars"": 3}"
combo_triple,-8.37,491.63,2.28,43.94,66,29,37,"{""ema_fast"": 5, ""ema_slow"": 21, ""rsi_len"": 7, ""rsi_buy"": 50, ""rsi_sell"": 50, ""rsi_ob"": 70, ""rsi_os"": 25, ""rsi_os_level"": 25, ""rsi_ob_level"": 70, ""rsi_mid_low"": 40, ""rsi_mid_high"": 60, ""macd_fast"": 8, ""macd_slow"": 21, ""macd_signal"": 5, ""bb_len"": 14, ""bb_std"": 1.5, ""stoch_k"": 7, ""stoch_d"": 3, ""stoch_ob"": 75, ""stoch_os"": 20, ""atr_len"": 10, ""adx_len"": 14, ""adx_min"": 18, ""sl_atr"": 1.2, ""tp_atr"": 2.0, ""hold_bars"": 3}"
combo_triple,-8.37,491.63,2.28,43.94,66,29,37,"{""ema_fast"": 5, ""ema_slow"": 21, ""rsi_len"": 7, ""rsi_buy"": 50, ""rsi_sell"": 55, ""rsi_ob"": 70, ""rsi_os"": 25, ""rsi_os_level"": 25, ""rsi_ob_level"": 70, ""rsi_mid_low"": 40, ""rsi_mid_high"": 60, ""macd_fast"": 8, ""macd_slow"": 21, ""macd_signal"": 5, ""bb_len"": 14, ""bb_std"": 1.5, ""stoch_k"": 7, ""stoch_d"": 3, ""stoch_ob"": 75, ""stoch_os"": 20, ""atr_len"": 10, ""adx_len"": 14, ""adx_min"": 18, ""sl_atr"": 1.2, ""tp_atr"": 2.0, ""hold_bars"": 3}"
ema_rsi,-9.28,490.72,7.45,49.04,1564,767,797,"{""ema_fast"": 5, ""ema_slow"": 55, ""rsi_len"": 7, ""rsi_buy"": 50, ""rsi_sell"": 50, ""rsi_ob"": 70, ""rsi_os"": 25, ""rsi_os_level"": 25, ""rsi_ob_level"": 70, ""rsi_mid_low"": 40, ""rsi_mid_high"": 60, ""macd_fast"": 12, ""macd_slow"": 26, ""macd_signal"": 5, ""bb_len"": 14, ""bb_std"": 2.0, ""stoch_k"": 14, ""stoch_d"": 3, ""stoch_ob"": 75, ""stoch_os"": 20, ""atr_len"": 10, ""adx_len"": 14, ""adx_min"": 18, ""sl_atr"": 1.2, ""tp_atr"": 2.0, ""hold_bars"": 3}"
trend_adx,-9.55,490.45,6.7,48.91,595,291,304,"{""ema_fast"": 5, ""ema_slow"": 34, ""rsi_len"": 7, ""rsi_buy"": 45, ""rsi_sell"": 50, ""rsi_ob"": 70, ""rsi_os"": 25, ""rsi_os_level"": 25, ""rsi_ob_level"": 70, ""rsi_mid_low"": 40, ""rsi_mid_high"": 60, ""macd_fast"": 8, ""macd_slow"": 26, ""macd_signal"": 9, ""bb_len"": 14, ""bb_std"": 1.5, ""stoch_k"": 14, ""stoch_d"": 3, ""stoch_ob"": 75, ""stoch_os"": 20, ""atr_len"": 14, ""adx_len"": 14, ""adx_min"": 18, ""sl_atr"": 1.2, ""tp_atr"": 2.0, ""hold_bars"": 3}"
trend_adx,-9.55,490.45,6.7,48.91,595,291,304,"{""ema_fast"": 5, ""ema_slow"": 34, ""rsi_len"": 7, ""rsi_buy"": 45, ""rsi_sell"": 55, ""rsi_ob"": 70, ""rsi_os"": 25, ""rsi_os_level"": 25, ""rsi_ob_level"": 70, ""rsi_mid_low"": 40, ""rsi_mid_high"": 60, ""macd_fast"": 8, ""macd_slow"": 26, ""macd_signal"": 9, ""bb_len"": 14, ""bb_std"": 1.5, ""stoch_k"": 14, ""stoch_d"": 3, ""stoch_ob"": 75, ""stoch_os"": 20, ""atr_len"": 14, ""adx_len"": 14, ""adx_min"": 18, ""sl_atr"": 1.2, ""tp_atr"": 2.0, ""hold_bars"": 3}"
trend_adx,-9.55,490.45,6.7,48.91,595,291,304,"{""ema_fast"": 5, ""ema_slow"": 34, ""rsi_len"": 7, ""rsi_buy"": 50, ""rsi_sell"": 50, ""rsi_ob"": 70, ""rsi_os"": 25, ""rsi_os_level"": 25, ""rsi_ob_level"": 70, ""rsi_mid_low"": 40, ""rsi_mid_high"": 60, ""macd_fast"": 8, ""macd_slow"": 26, ""macd_signal"": 9, ""bb_len"": 14, ""bb_std"": 1.5, ""stoch_k"": 14, ""stoch_d"": 3, ""stoch_ob"": 75, ""stoch_os"": 20, ""atr_len"": 14, ""adx_len"": 14, ""adx_min"": 18, ""sl_atr"": 1.2, ""tp_atr"": 2.0, ""hold_bars"": 3}"
trend_adx,-9.55,490.45,6.7,48.91,595,291,304,"{""ema_fast"": 5, ""ema_slow"": 34, ""rsi_len"": 7, ""rsi_buy"": 50, ""rsi_sell"": 55, ""rsi_ob"": 70, ""rsi_os"": 25, ""rsi_os_level"": 25, ""rsi_ob_level"": 70, ""rsi_mid_low"": 40, ""rsi_mid_high"": 60, ""macd_fast"": 8, ""macd_slow"": 26, ""macd_signal"": 9, ""bb_len"": 14, ""bb_std"": 1.5, ""stoch_k"": 14, ""stoch_d"": 3, ""stoch_ob"": 75, ""stoch_os"": 20, ""atr_len"": 14, ""adx_len"": 14, ""adx_min"": 18, ""sl_atr"": 1.2, ""tp_atr"": 2.0, ""hold_bars"": 3}"
momentum_burst,-11.16,488.84,4.16,50.0,134,67,67,"{""ema_fast"": 5, ""ema_slow"": 21, ""rsi_len"": 14, ""rsi_buy"": 45, ""rsi_sell"": 50, ""rsi_ob"": 70, ""rsi_os"": 25, ""rsi_os_level"": 25, ""rsi_ob_level"": 70, ""rsi_mid_low"": 40, ""rsi_mid_high"": 60, ""macd_fast"": 8, ""macd_slow"": 21, ""macd_signal"": 9, ""bb_len"": 20, ""bb_std"": 1.5, ""stoch_k"": 7, ""stoch_d"": 3, ""stoch_ob"": 75, ""stoch_os"": 20, ""atr_len"": 14, ""adx_len"": 14, ""adx_min"": 25, ""sl_atr"": 1.5, ""tp_atr"": 2.0, ""hold_bars"": 3}"
momentum_burst,-11.16,488.84,4.16,50.0,134,67,67,"{""ema_fast"": 5, ""ema_slow"": 21, ""rsi_len"": 14, ""rsi_buy"": 45, ""rsi_sell"": 55, ""rsi_ob"": 70, ""rsi_os"": 25, ""rsi_os_level"": 25, ""rsi_ob_level"": 70, ""rsi_mid_low"": 40, ""rsi_mid_high"": 60, ""macd_fast"": 8, ""macd_slow"": 21, ""macd_signal"": 9, ""bb_len"": 20, ""bb_std"": 1.5, ""stoch_k"": 7, ""stoch_d"": 3, ""stoch_ob"": 75, ""stoch_os"": 20, ""atr_len"": 14, ""adx_len"": 14, ""adx_min"": 25, ""sl_atr"": 1.5, ""tp_atr"": 2.0, ""hold_bars"": 3}"
momentum_burst,-11.16,488.84,4.16,50.0,134,67,67,"{""ema_fast"": 5, ""ema_slow"": 21, ""rsi_len"": 14, ""rsi_buy"": 50, ""rsi_sell"": 50, ""rsi_ob"": 70, ""rsi_os"": 25, ""rsi_os_level"": 25, ""rsi_ob_level"": 70, ""rsi_mid_low"": 40, ""rsi_mid_high"": 60, ""macd_fast"": 8, ""macd_slow"": 21, ""macd_signal"": 9, ""bb_len"": 20, ""bb_std"": 1.5, ""stoch_k"": 7, ""stoch_d"": 3, ""stoch_ob"": 75, ""stoch_os"": 20, ""atr_len"": 14, ""adx_len"": 14, ""adx_min"": 25, ""sl_atr"": 1.5, ""tp_atr"": 2.0, ""hold_bars"": 3}"
momentum_burst,-11.16,488.84,4.16,50.0,134,67,67,"{""ema_fast"": 5, ""ema_slow"": 21, ""rsi_len"": 14, ""rsi_buy"": 50, ""rsi_sell"": 55, ""rsi_ob"": 70, ""rsi_os"": 25, ""rsi_os_level"": 25, ""rsi_ob_level"": 70, ""rsi_mid_low"": 40, ""rsi_mid_high"": 60, ""macd_fast"": 8, ""macd_slow"": 21, ""macd_signal"": 9, ""bb_len"": 20, ""bb_std"": 1.5, ""stoch_k"": 7, ""stoch_d"": 3, ""stoch_ob"": 75, ""stoch_os"": 20, ""atr_len"": 14, ""adx_len"": 14, ""adx_min"": 25, ""sl_atr"": 1.5, ""tp_atr"": 2.0, ""hold_bars"": 3}"
momentum_burst,-11.27,488.73,3.29,50.37,135,68,67,"{""ema_fast"": 5, ""ema_slow"": 55, ""rsi_len"": 7, ""rsi_buy"": 45, ""rsi_sell"": 50, ""rsi_ob"": 70, ""rsi_os"": 25, ""rsi_os_level"": 25, ""rsi_ob_level"": 70, ""rsi_mid_low"": 40, ""rsi_mid_high"": 60, ""macd_fast"": 12, ""macd_slow"": 26, ""macd_signal"": 5, ""bb_len"": 14, ""bb_std"": 2.0, ""stoch_k"": 14, ""stoch_d"": 3, ""stoch_ob"": 75, ""stoch_os"": 20, ""atr_len"": 10, ""adx_len"": 14, ""adx_min"": 18, ""sl_atr"": 1.5, ""tp_atr"": 2.0, ""hold_bars"": 3}"
momentum_burst,-11.27,488.73,3.29,50.37,135,68,67,"{""ema_fast"": 5, ""ema_slow"": 55, ""rsi_len"": 7, ""rsi_buy"": 45, ""rsi_sell"": 55, ""rsi_ob"": 70, ""rsi_os"": 25, ""rsi_os_level"": 25, ""rsi_ob_level"": 70, ""rsi_mid_low"": 40, ""rsi_mid_high"": 60, ""macd_fast"": 12, ""macd_slow"": 26, ""macd_signal"": 5, ""bb_len"": 14, ""bb_std"": 2.0, ""stoch_k"": 14, ""stoch_d"": 3, ""stoch_ob"": 75, ""stoch_os"": 20, ""atr_len"": 10, ""adx_len"": 14, ""adx_min"": 18, ""sl_atr"": 1.5, ""tp_atr"": 2.0, ""hold_bars"": 3}"
momentum_burst,-11.27,488.73,3.29,50.37,135,68,67,"{""ema_fast"": 5, ""ema_slow"": 55, ""rsi_len"": 7, ""rsi_buy"": 50, ""rsi_sell"": 50, ""rsi_ob"": 70, ""rsi_os"": 25, ""rsi_os_level"": 25, ""rsi_ob_level"": 70, ""rsi_mid_low"": 40, ""rsi_mid_high"": 60, ""macd_fast"": 12, ""macd_slow"": 26, ""macd_signal"": 5, ""bb_len"": 14, ""bb_std"": 2.0, ""stoch_k"": 14, ""stoch_d"": 3, ""stoch_ob"": 75, ""stoch_os"": 20, ""atr_len"": 10, ""adx_len"": 14, ""adx_min"": 18, ""sl_atr"": 1.5, ""tp_atr"": 2.0, ""hold_bars"": 3}"
momentum_burst,-11.27,488.73,3.29,50.37,135,68,67,"{""ema_fast"": 5, ""ema_slow"": 55, ""rsi_len"": 7, ""rsi_buy"": 50, ""rsi_sell"": 55, ""rsi_ob"": 70, ""rsi_os"": 25, ""rsi_os_level"": 25, ""rsi_ob_level"": 70, ""rsi_mid_low"": 40, ""rsi_mid_high"": 60, ""macd_fast"": 12, ""macd_slow"": 26, ""macd_signal"": 5, ""bb_len"": 14, ""bb_std"": 2.0, ""stoch_k"": 14, ""stoch_d"": 3, ""stoch_ob"": 75, ""stoch_os"": 20, ""atr_len"": 10, ""adx_len"": 14, ""adx_min"": 18, ""sl_atr"": 1.5, ""tp_atr"": 2.0, ""hold_bars"": 3}"
momentum_burst,-11.56,488.44,2.84,38.71,62,24,38,"{""ema_fast"": 5, ""ema_slow"": 55, ""rsi_len"": 14, ""rsi_buy"": 45, ""rsi_sell"": 50, ""rsi_ob"": 70, ""rsi_os"": 25, ""rsi_os_level"": 25, ""rsi_ob_level"": 70, ""rsi_mid_low"": 40, ""rsi_mid_high"": 60, ""macd_fast"": 12, ""macd_slow"": 26, ""macd_signal"": 9, ""bb_len"": 20, ""bb_std"": 2.0, ""stoch_k"": 14, ""stoch_d"": 3, ""stoch_ob"": 75, ""stoch_os"": 20, ""atr_len"": 14, ""adx_len"": 14, ""adx_min"": 25, ""sl_atr"": 1.2, ""tp_atr"": 2.0, ""hold_bars"": 3}"
momentum_burst,-11.56,488.44,2.84,38.71,62,24,38,"{""ema_fast"": 5, ""ema_slow"": 55, ""rsi_len"": 14, ""rsi_buy"": 45, ""rsi_sell"": 55, ""rsi_ob"": 70, ""rsi_os"": 25, ""rsi_os_level"": 25, ""rsi_ob_level"": 70, ""rsi_mid_low"": 40, ""rsi_mid_high"": 60, ""macd_fast"": 12, ""macd_slow"": 26, ""macd_signal"": 9, ""bb_len"": 20, ""bb_std"": 2.0, ""stoch_k"": 14, ""stoch_d"": 3, ""stoch_ob"": 75, ""stoch_os"": 20, ""atr_len"": 14, ""adx_len"": 14, ""adx_min"": 25, ""sl_atr"": 1.2, ""tp_atr"": 2.0, ""hold_bars"": 3}"
momentum_burst,-11.56,488.44,2.84,38.71,62,24,38,"{""ema_fast"": 5, ""ema_slow"": 55, ""rsi_len"": 14, ""rsi_buy"": 50, ""rsi_sell"": 50, ""rsi_ob"": 70, ""rsi_os"": 25, ""rsi_os_level"": 25, ""rsi_ob_level"": 70, ""rsi_mid_low"": 40, ""rsi_mid_high"": 60, ""macd_fast"": 12, ""macd_slow"": 26, ""macd_signal"": 9, ""bb_len"": 20, ""bb_std"": 2.0, ""stoch_k"": 14, ""stoch_d"": 3, ""stoch_ob"": 75, ""stoch_os"": 20, ""atr_len"": 14, ""adx_len"": 14, ""adx_min"": 25, ""sl_atr"": 1.2, ""tp_atr"": 2.0, ""hold_bars"": 3}"
momentum_burst,-11.56,488.44,2.84,38.71,62,24,38,"{""ema_fast"": 5, ""ema_slow"": 55, ""rsi_len"": 14, ""rsi_buy"": 50, ""rsi_sell"": 55, ""rsi_ob"": 70, ""rsi_os"": 25, ""rsi_os_level"": 25, ""rsi_ob_level"": 70, ""rsi_mid_low"": 40, ""rsi_mid_high"": 60, ""macd_fast"": 12, ""macd_slow"": 26, ""macd_signal"": 9, ""bb_len"": 20, ""bb_std"": 2.0, ""stoch_k"": 14, ""stoch_d"": 3, ""stoch_ob"": 75, ""stoch_os"": 20, ""atr_len"": 14, ""adx_len"": 14, ""adx_min"": 25, ""sl_atr"": 1.2, ""tp_atr"": 2.0, ""hold_bars"": 3}"
momentum_burst,-11.6,488.4,2.91,46.1,141,65,76,"{""ema_fast"": 5, ""ema_slow"": 34, ""rsi_len"": 7, ""rsi_buy"": 45, ""rsi_sell"": 50, ""rsi_ob"": 70, ""rsi_os"": 25, ""rsi_os_level"": 25, ""rsi_ob_level"": 70, ""rsi_mid_low"": 40, ""rsi_mid_high"": 60, ""macd_fast"": 8, ""macd_slow"": 26, ""macd_signal"": 9, ""bb_len"": 14, ""bb_std"": 1.5, ""stoch_k"": 14, ""stoch_d"": 3, ""stoch_ob"": 75, ""stoch_os"": 20, ""atr_len"": 14, ""adx_len"": 14, ""adx_min"": 18, ""sl_atr"": 1.2, ""tp_atr"": 2.0, ""hold_bars"": 3}"
momentum_burst,-11.6,488.4,2.91,46.1,141,65,76,"{""ema_fast"": 5, ""ema_slow"": 34, ""rsi_len"": 7, ""rsi_buy"": 45, ""rsi_sell"": 55, ""rsi_ob"": 70, ""rsi_os"": 25, ""rsi_os_level"": 25, ""rsi_ob_level"": 70, ""rsi_mid_low"": 40, ""rsi_mid_high"": 60, ""macd_fast"": 8, ""macd_slow"": 26, ""macd_signal"": 9, ""bb_len"": 14, ""bb_std"": 1.5, ""stoch_k"": 14, ""stoch_d"": 3, ""stoch_ob"": 75, ""stoch_os"": 20, ""atr_len"": 14, ""adx_len"": 14, ""adx_min"": 18, ""sl_atr"": 1.2, ""tp_atr"": 2.0, ""hold_bars"": 3}"
momentum_burst,-11.6,488.4,2.91,46.1,141,65,76,"{""ema_fast"": 5, ""ema_slow"": 34, ""rsi_len"": 7, ""rsi_buy"": 50, ""rsi_sell"": 50, ""rsi_ob"": 70, ""rsi_os"": 25, ""rsi_os_level"": 25, ""rsi_ob_level"": 70, ""rsi_mid_low"": 40, ""rsi_mid_high"": 60, ""macd_fast"": 8, ""macd_slow"": 26, ""macd_signal"": 9, ""bb_len"": 14, ""bb_std"": 1.5, ""stoch_k"": 14, ""stoch_d"": 3, ""stoch_ob"": 75, ""stoch_os"": 20, ""atr_len"": 14, ""adx_len"": 14, ""adx_min"": 18, ""sl_atr"": 1.2, ""tp_atr"": 2.0, ""hold_bars"": 3}"
momentum_burst,-11.6,488.4,2.91,46.1,141,65,76,"{""ema_fast"": 5, ""ema_slow"": 34, ""rsi_len"": 7, ""rsi_buy"": 50, ""rsi_sell"": 55, ""rsi_ob"": 70, ""rsi_os"": 25, ""rsi_os_level"": 25, ""rsi_ob_level"": 70, ""rsi_mid_low"": 40, ""rsi_mid_high"": 60, ""macd_fast"": 8, ""macd_slow"": 26, ""macd_signal"": 9, ""bb_len"": 14, ""bb_std"": 1.5, ""stoch_k"": 14, ""stoch_d"": 3, ""stoch_ob"": 75, ""stoch_os"": 20, ""atr_len"": 14, ""adx_len"": 14, ""adx_min"": 18, ""sl_atr"": 1.2, ""tp_atr"": 2.0, ""hold_bars"": 3}"
trend_adx,-11.6,488.4,7.62,48.87,620,303,317,"{""ema_fast"": 5, ""ema_slow"": 55, ""rsi_len"": 7, ""rsi_buy"": 45, ""rsi_sell"": 50, ""rsi_ob"": 70, ""rsi_os"": 25, ""rsi_os_level"": 25, ""rsi_ob_level"": 70, ""rsi_mid_low"": 40, ""rsi_mid_high"": 60, ""macd_fast"": 12, ""macd_slow"": 26, ""macd_signal"": 5, ""bb_len"": 14, ""bb_std"": 2.0, ""stoch_k"": 14, ""stoch_d"": 3, ""stoch_ob"": 75, ""stoch_os"": 20, ""atr_len"": 10, ""adx_len"": 14, ""adx_min"": 18, ""sl_atr"": 1.2, ""tp_atr"": 2.0, ""hold_bars"": 3}"
trend_adx,-11.6,488.4,7.62,48.87,620,303,317,"{""ema_fast"": 5, ""ema_slow"": 55, ""rsi_len"": 7, ""rsi_buy"": 45, ""rsi_sell"": 55, ""rsi_ob"": 70, ""rsi_os"": 25, ""rsi_os_level"": 25, ""rsi_ob_level"": 70, ""rsi_mid_low"": 40, ""rsi_mid_high"": 60, ""macd_fast"": 12, ""macd_slow"": 26, ""macd_signal"": 5, ""bb_len"": 14, ""bb_std"": 2.0, ""stoch_k"": 14, ""stoch_d"": 3, ""stoch_ob"": 75, ""stoch_os"": 20, ""atr_len"": 10, ""adx_len"": 14, ""adx_min"": 18, ""sl_atr"": 1.2, ""tp_atr"": 2.0, ""hold_bars"": 3}"
trend_adx,-11.6,488.4,7.62,48.87,620,303,317,"{""ema_fast"": 5, ""ema_slow"": 55, ""rsi_len"": 7, ""rsi_buy"": 50, ""rsi_sell"": 50, ""rsi_ob"": 70, ""rsi_os"": 25, ""rsi_os_level"": 25, ""rsi_ob_level"": 70, ""rsi_mid_low"": 40, ""rsi_mid_high"": 60, ""macd_fast"": 12, ""macd_slow"": 26, ""macd_signal"": 5, ""bb_len"": 14, ""bb_std"": 2.0, ""stoch_k"": 14, ""stoch_d"": 3, ""stoch_ob"": 75, ""stoch_os"": 20, ""atr_len"": 10, ""adx_len"": 14, ""adx_min"": 18, ""sl_atr"": 1.2, ""tp_atr"": 2.0, ""hold_bars"": 3}"
trend_adx,-11.6,488.4,7.62,48.87,620,303,317,"{""ema_fast"": 5, ""ema_slow"": 55, ""rsi_len"": 7, ""rsi_buy"": 50, ""rsi_sell"": 55, ""rsi_ob"": 70, ""rsi_os"": 25, ""rsi_os_level"": 25, ""rsi_ob_level"": 70, ""rsi_mid_low"": 40, ""rsi_mid_high"": 60, ""macd_fast"": 12, ""macd_slow"": 26, ""macd_signal"": 5, ""bb_len"": 14, ""bb_std"": 2.0, ""stoch_k"": 14, ""stoch_d"": 3, ""stoch_ob"": 75, ""stoch_os"": 20, ""atr_len"": 10, ""adx_len"": 14, ""adx_min"": 18, ""sl_atr"": 1.2, ""tp_atr"": 2.0, ""hold_bars"": 3}"
ema_rsi,-12.2,487.8,9.04,53.23,1486,791,695,"{""ema_fast"": 5, ""ema_slow"": 34, ""rsi_len"": 7, ""rsi_buy"": 45, ""rsi_sell"": 50, ""rsi_ob"": 70, ""rsi_os"": 25, ""rsi_os_level"": 25, ""rsi_ob_level"": 70, ""rsi_mid_low"": 40, ""rsi_mid_high"": 60, ""macd_fast"": 8, ""macd_slow"": 26, ""macd_signal"": 9, ""bb_len"": 14, ""bb_std"": 1.5, ""stoch_k"": 14, ""stoch_d"": 3, ""stoch_ob"": 75, ""stoch_os"": 20, ""atr_len"": 14, ""adx_len"": 14, ""adx_min"": 18, ""sl_atr"": 1.5, ""tp_atr"": 2.0, ""hold_bars"": 3}"
ema_rsi,-14.64,485.36,8.64,53.0,1632,865,767,"{""ema_fast"": 5, ""ema_slow"": 34, ""rsi_len"": 14, ""rsi_buy"": 45, ""rsi_sell"": 50, ""rsi_ob"": 70, ""rsi_os"": 25, ""rsi_os_level"": 25, ""rsi_ob_level"": 70, ""rsi_mid_low"": 40, ""rsi_mid_high"": 60, ""macd_fast"": 12, ""macd_slow"": 21, ""macd_signal"": 5, ""bb_len"": 20, ""bb_std"": 2.0, ""stoch_k"": 7, ""stoch_d"": 3, ""stoch_ob"": 75, ""stoch_os"": 20, ""atr_len"": 10, ""adx_len"": 14, ""adx_min"": 25, ""sl_atr"": 1.5, ""tp_atr"": 2.0, ""hold_bars"": 3}"
momentum_burst,-14.91,485.09,3.77,49.64,139,69,70,"{""ema_fast"": 5, ""ema_slow"": 34, ""rsi_len"": 7, ""rsi_buy"": 45, ""rsi_sell"": 50, ""rsi_ob"": 70, ""rsi_os"": 25, ""rsi_os_level"": 25, ""rsi_ob_level"": 70, ""rsi_mid_low"": 40, ""rsi_mid_high"": 60, ""macd_fast"": 8, ""macd_slow"": 26, ""macd_signal"": 9, ""bb_len"": 14, ""bb_std"": 1.5, ""stoch_k"": 14, ""stoch_d"": 3, ""stoch_ob"": 75, ""stoch_os"": 20, ""atr_len"": 14, ""adx_len"": 14, ""adx_min"": 18, ""sl_atr"": 1.5, ""tp_atr"": 2.0, ""hold_bars"": 3}"
momentum_burst,-14.91,485.09,3.77,49.64,139,69,70,"{""ema_fast"": 5, ""ema_slow"": 34, ""rsi_len"": 7, ""rsi_buy"": 45, ""rsi_sell"": 55, ""rsi_ob"": 70, ""rsi_os"": 25, ""rsi_os_level"": 25, ""rsi_ob_level"": 70, ""rsi_mid_low"": 40, ""rsi_mid_high"": 60, ""macd_fast"": 8, ""macd_slow"": 26, ""macd_signal"": 9, ""bb_len"": 14, ""bb_std"": 1.5, ""stoch_k"": 14, ""stoch_d"": 3, ""stoch_ob"": 75, ""stoch_os"": 20, ""atr_len"": 14, ""adx_len"": 14, ""adx_min"": 18, ""sl_atr"": 1.5, ""tp_atr"": 2.0, ""hold_bars"": 3}"
momentum_burst,-14.91,485.09,3.77,49.64,139,69,70,"{""ema_fast"": 5, ""ema_slow"": 34, ""rsi_len"": 7, ""rsi_buy"": 50, ""rsi_sell"": 50, ""rsi_ob"": 70, ""rsi_os"": 25, ""rsi_os_level"": 25, ""rsi_ob_level"": 70, ""rsi_mid_low"": 40, ""rsi_mid_high"": 60, ""macd_fast"": 8, ""macd_slow"": 26, ""macd_signal"": 9, ""bb_len"": 14, ""bb_std"": 1.5, ""stoch_k"": 14, ""stoch_d"": 3, ""stoch_ob"": 75, ""stoch_os"": 20, ""atr_len"": 14, ""adx_len"": 14, ""adx_min"": 18, ""sl_atr"": 1.5, ""tp_atr"": 2.0, ""hold_bars"": 3}"
momentum_burst,-14.91,485.09,3.77,49.64,139,69,70,"{""ema_fast"": 5, ""ema_slow"": 34, ""rsi_len"": 7, ""rsi_buy"": 50, ""rsi_sell"": 55, ""rsi_ob"": 70, ""rsi_os"": 25, ""rsi_os_level"": 25, ""rsi_ob_level"": 70, ""rsi_mid_low"": 40, ""rsi_mid_high"": 60, ""macd_fast"": 8, ""macd_slow"": 26, ""macd_signal"": 9, ""bb_len"": 14, ""bb_std"": 1.5, ""stoch_k"": 14, ""stoch_d"": 3, ""stoch_ob"": 75, ""stoch_os"": 20, ""atr_len"": 14, ""adx_len"": 14, ""adx_min"": 18, ""sl_atr"": 1.5, ""tp_atr"": 2.0, ""hold_bars"": 3}"
momentum_burst,-16.66,483.34,3.73,43.7,135,59,76,"{""ema_fast"": 5, ""ema_slow"": 21, ""rsi_len"": 14, ""rsi_buy"": 45, ""rsi_sell"": 50, ""rsi_ob"": 70, ""rsi_os"": 25, ""rsi_os_level"": 25, ""rsi_ob_level"": 70, ""rsi_mid_low"": 40, ""rsi_mid_high"": 60, ""macd_fast"": 8, ""macd_slow"": 21, ""macd_signal"": 9, ""bb_len"": 20, ""bb_std"": 1.5, ""stoch_k"": 7, ""stoch_d"": 3, ""stoch_ob"": 75, ""stoch_os"": 20, ""atr_len"": 14, ""adx_len"": 14, ""adx_min"": 25, ""sl_atr"": 1.2, ""tp_atr"": 2.0, ""hold_bars"": 3}"
momentum_burst,-16.66,483.34,3.73,43.7,135,59,76,"{""ema_fast"": 5, ""ema_slow"": 21, ""rsi_len"": 14, ""rsi_buy"": 45, ""rsi_sell"": 55, ""rsi_ob"": 70, ""rsi_os"": 25, ""rsi_os_level"": 25, ""rsi_ob_level"": 70, ""rsi_mid_low"": 40, ""rsi_mid_high"": 60, ""macd_fast"": 8, ""macd_slow"": 21, ""macd_signal"": 9, ""bb_len"": 20, ""bb_std"": 1.5, ""stoch_k"": 7, ""stoch_d"": 3, ""stoch_ob"": 75, ""stoch_os"": 20, ""atr_len"": 14, ""adx_len"": 14, ""adx_min"": 25, ""sl_atr"": 1.2, ""tp_atr"": 2.0, ""hold_bars"": 3}"
momentum_burst,-16.66,483.34,3.73,43.7,135,59,76,"{""ema_fast"": 5, ""ema_slow"": 21, ""rsi_len"": 14, ""rsi_buy"": 50, ""rsi_sell"": 50, ""rsi_ob"": 70, ""rsi_os"": 25, ""rsi_os_level"": 25, ""rsi_ob_level"": 70, ""rsi_mid_low"": 40, ""rsi_mid_high"": 60, ""macd_fast"": 8, ""macd_slow"": 21, ""macd_signal"": 9, ""bb_len"": 20, ""bb_std"": 1.5, ""stoch_k"": 7, ""stoch_d"": 3, ""stoch_ob"": 75, ""stoch_os"": 20, ""atr_len"": 14, ""adx_len"": 14, ""adx_min"": 25, ""sl_atr"": 1.2, ""tp_atr"": 2.0, ""hold_bars"": 3}"
momentum_burst,-16.66,483.34,3.73,43.7,135,59,76,"{""ema_fast"": 5, ""ema_slow"": 21, ""rsi_len"": 14, ""rsi_buy"": 50, ""rsi_sell"": 55, ""rsi_ob"": 70, ""rsi_os"": 25, ""rsi_os_level"": 25, ""rsi_ob_level"": 70, ""rsi_mid_low"": 40, ""rsi_mid_high"": 60, ""macd_fast"": 8, ""macd_slow"": 21, ""macd_signal"": 9, ""bb_len"": 20, ""bb_std"": 1.5, ""stoch_k"": 7, ""stoch_d"": 3, ""stoch_ob"": 75, ""stoch_os"": 20, ""atr_len"": 14, ""adx_len"": 14, ""adx_min"": 25, ""sl_atr"": 1.2, ""tp_atr"": 2.0, ""hold_bars"": 3}"
momentum_burst,-16.75,483.25,5.89,50.86,175,89,86,"{""ema_fast"": 5, ""ema_slow"": 21, ""rsi_len"": 7, ""rsi_buy"": 45, ""rsi_sell"": 50, ""rsi_ob"": 70, ""rsi_os"": 25, ""rsi_os_level"": 25, ""rsi_ob_level"": 70, ""rsi_mid_low"": 40, ""rsi_mid_high"": 60, ""macd_fast"": 8, ""macd_slow"": 21, ""macd_signal"": 5, ""bb_len"": 14, ""bb_std"": 1.5, ""stoch_k"": 7, ""stoch_d"": 3, ""stoch_ob"": 75, ""stoch_os"": 20, ""atr_len"": 10, ""adx_len"": 14, ""adx_min"": 18, ""sl_atr"": 1.5, ""tp_atr"": 2.0, ""hold_bars"": 3}"
momentum_burst,-16.75,483.25,5.89,50.86,175,89,86,"{""ema_fast"": 5, ""ema_slow"": 21, ""rsi_len"": 7, ""rsi_buy"": 45, ""rsi_sell"": 55, ""rsi_ob"": 70, ""rsi_os"": 25, ""rsi_os_level"": 25, ""rsi_ob_level"": 70, ""rsi_mid_low"": 40, ""rsi_mid_high"": 60, ""macd_fast"": 8, ""macd_slow"": 21, ""macd_signal"": 5, ""bb_len"": 14, ""bb_std"": 1.5, ""stoch_k"": 7, ""stoch_d"": 3, ""stoch_ob"": 75, ""stoch_os"": 20, ""atr_len"": 10, ""adx_len"": 14, ""adx_min"": 18, ""sl_atr"": 1.5, ""tp_atr"": 2.0, ""hold_bars"": 3}"
momentum_burst,-16.75,483.25,5.89,50.86,175,89,86,"{""ema_fast"": 5, ""ema_slow"": 21, ""rsi_len"": 7, ""rsi_buy"": 50, ""rsi_sell"": 50, ""rsi_ob"": 70, ""rsi_os"": 25, ""rsi_os_level"": 25, ""rsi_ob_level"": 70, ""rsi_mid_low"": 40, ""rsi_mid_high"": 60, ""macd_fast"": 8, ""macd_slow"": 21, ""macd_signal"": 5, ""bb_len"": 14, ""bb_std"": 1.5, ""stoch_k"": 7, ""stoch_d"": 3, ""stoch_ob"": 75, ""stoch_os"": 20, ""atr_len"": 10, ""adx_len"": 14, ""adx_min"": 18, ""sl_atr"": 1.5, ""tp_atr"": 2.0, ""hold_bars"": 3}"
momentum_burst,-16.75,483.25,5.89,50.86,175,89,86,"{""ema_fast"": 5, ""ema_slow"": 21, ""rsi_len"": 7, ""rsi_buy"": 50, ""rsi_sell"": 55, ""rsi_ob"": 70, ""rsi_os"": 25, ""rsi_os_level"": 25, ""rsi_ob_level"": 70, ""rsi_mid_low"": 40, ""rsi_mid_high"": 60, ""macd_fast"": 8, ""macd_slow"": 21, ""macd_signal"": 5, ""bb_len"": 14, ""bb_std"": 1.5, ""stoch_k"": 7, ""stoch_d"": 3, ""stoch_ob"": 75, ""stoch_os"": 20, ""atr_len"": 10, ""adx_len"": 14, ""adx_min"": 18, ""sl_atr"": 1.5, ""tp_atr"": 2.0, ""hold_bars"": 3}"
ema_rsi,-17.33,482.67,9.31,48.77,1632,796,836,"{""ema_fast"": 5, ""ema_slow"": 55, ""rsi_len"": 7, ""rsi_buy"": 45, ""rsi_sell"": 50, ""rsi_ob"": 70, ""rsi_os"": 25, ""rsi_os_level"": 25, ""rsi_ob_level"": 70, ""rsi_mid_low"": 40, ""rsi_mid_high"": 60, ""macd_fast"": 12, ""macd_slow"": 26, ""macd_signal"": 5, ""bb_len"": 14, ""bb_std"": 2.0, ""stoch_k"": 14, ""stoch_d"": 3, ""stoch_ob"": 75, ""stoch_os"": 20, ""atr_len"": 10, ""adx_len"": 14, ""adx_min"": 18, ""sl_atr"": 1.2, ""tp_atr"": 2.0, ""hold_bars"": 3}"
combo_triple,-17.51,482.49,3.82,41.59,113,47,66,"{""ema_fast"": 5, ""ema_slow"": 55, ""rsi_len"": 7, ""rsi_buy"": 45, ""rsi_sell"": 50, ""rsi_ob"": 70, ""rsi_os"": 25, ""rsi_os_level"": 25, ""rsi_ob_level"": 70, ""rsi_mid_low"": 40, ""rsi_mid_high"": 60, ""macd_fast"": 12, ""macd_slow"": 26, ""macd_signal"": 5, ""bb_len"": 14, ""bb_std"": 2.0, ""stoch_k"": 14, ""stoch_d"": 3, ""stoch_ob"": 75, ""stoch_os"": 20, ""atr_len"": 10, ""adx_len"": 14, ""adx_min"": 18, ""sl_atr"": 1.2, ""tp_atr"": 2.0, ""hold_bars"": 3}"
combo_triple,-18.5,481.5,4.02,41.07,112,46,66,"{""ema_fast"": 5, ""ema_slow"": 55, ""rsi_len"": 7, ""rsi_buy"": 50, ""rsi_sell"": 50, ""rsi_ob"": 70, ""rsi_os"": 25, ""rsi_os_level"": 25, ""rsi_ob_level"": 70, ""rsi_mid_low"": 40, ""rsi_mid_high"": 60, ""macd_fast"": 12, ""macd_slow"": 26, ""macd_signal"": 5, ""bb_len"": 14, ""bb_std"": 2.0, ""stoch_k"": 14, ""stoch_d"": 3, ""stoch_ob"": 75, ""stoch_os"": 20, ""atr_len"": 10, ""adx_len"": 14, ""adx_min"": 18, ""sl_atr"": 1.2, ""tp_atr"": 2.0, ""hold_bars"": 3}"
ema_rsi,-19.15,480.85,7.43,52.97,1633,865,768,"{""ema_fast"": 5, ""ema_slow"": 34, ""rsi_len"": 14, ""rsi_buy"": 45, ""rsi_sell"": 55, ""rsi_ob"": 70, ""rsi_os"": 25, ""rsi_os_level"": 25, ""rsi_ob_level"": 70, ""rsi_mid_low"": 40, ""rsi_mid_high"": 60, ""macd_fast"": 12, ""macd_slow"": 21, ""macd_signal"": 5, ""bb_len"": 20, ""bb_std"": 2.0, ""stoch_k"": 7, ""stoch_d"": 3, ""stoch_ob"": 75, ""stoch_os"": 20, ""atr_len"": 10, ""adx_len"": 14, ""adx_min"": 25, ""sl_atr"": 1.5, ""tp_atr"": 2.0, ""hold_bars"": 3}"
combo_triple,-19.45,480.55,4.2,40.71,113,46,67,"{""ema_fast"": 5, ""ema_slow"": 55, ""rsi_len"": 7, ""rsi_buy"": 45, ""rsi_sell"": 55, ""rsi_ob"": 70, ""rsi_os"": 25, ""rsi_os_level"": 25, ""rsi_ob_level"": 70, ""rsi_mid_low"": 40, ""rsi_mid_high"": 60, ""macd_fast"": 12, ""macd_slow"": 26, ""macd_signal"": 5, ""bb_len"": 14, ""bb_std"": 2.0, ""stoch_k"": 14, ""stoch_d"": 3, ""stoch_ob"": 75, ""stoch_os"": 20, ""atr_len"": 10, ""adx_len"": 14, ""adx_min"": 18, ""sl_atr"": 1.2, ""tp_atr"": 2.0, ""hold_bars"": 3}"
momentum_burst,-20.12,479.88,5.24,49.76,209,104,105,"{""ema_fast"": 8, ""ema_slow"": 21, ""rsi_len"": 14, ""rsi_buy"": 45, ""rsi_sell"": 50, ""rsi_ob"": 70, ""rsi_os"": 25, ""rsi_os_level"": 25, ""rsi_ob_level"": 70, ""rsi_mid_low"": 40, ""rsi_mid_high"": 60, ""macd_fast"": 8, ""macd_slow"": 21, ""macd_signal"": 9, ""bb_len"": 20, ""bb_std"": 1.5, ""stoch_k"": 7, ""stoch_d"": 3, ""stoch_ob"": 75, ""stoch_os"": 20, ""atr_len"": 14, ""adx_len"": 14, ""adx_min"": 18, ""sl_atr"": 1.5, ""tp_atr"": 2.0, ""hold_bars"": 3}"
momentum_burst,-20.12,479.88,5.24,49.76,209,104,105,"{""ema_fast"": 8, ""ema_slow"": 21, ""rsi_len"": 14, ""rsi_buy"": 45, ""rsi_sell"": 55, ""rsi_ob"": 70, ""rsi_os"": 25, ""rsi_os_level"": 25, ""rsi_ob_level"": 70, ""rsi_mid_low"": 40, ""rsi_mid_high"": 60, ""macd_fast"": 8, ""macd_slow"": 21, ""macd_signal"": 9, ""bb_len"": 20, ""bb_std"": 1.5, ""stoch_k"": 7, ""stoch_d"": 3, ""stoch_ob"": 75, ""stoch_os"": 20, ""atr_len"": 14, ""adx_len"": 14, ""adx_min"": 18, ""sl_atr"": 1.5, ""tp_atr"": 2.0, ""hold_bars"": 3}"
momentum_burst,-20.12,479.88,5.24,49.76,209,104,105,"{""ema_fast"": 8, ""ema_slow"": 21, ""rsi_len"": 14, ""rsi_buy"": 50, ""rsi_sell"": 50, ""rsi_ob"": 70, ""rsi_os"": 25, ""rsi_os_level"": 25, ""rsi_ob_level"": 70, ""rsi_mid_low"": 40, ""rsi_mid_high"": 60, ""macd_fast"": 8, ""macd_slow"": 21, ""macd_signal"": 9, ""bb_len"": 20, ""bb_std"": 1.5, ""stoch_k"": 7, ""stoch_d"": 3, ""stoch_ob"": 75, ""stoch_os"": 20, ""atr_len"": 14, ""adx_len"": 14, ""adx_min"": 18, ""sl_atr"": 1.5, ""tp_atr"": 2.0, ""hold_bars"": 3}"
momentum_burst,-20.12,479.88,5.24,49.76,209,104,105,"{""ema_fast"": 8, ""ema_slow"": 21, ""rsi_len"": 14, ""rsi_buy"": 50, ""rsi_sell"": 55, ""rsi_ob"": 70, ""rsi_os"": 25, ""rsi_os_level"": 25, ""rsi_ob_level"": 70, ""rsi_mid_low"": 40, ""rsi_mid_high"": 60, ""macd_fast"": 8, ""macd_slow"": 21, ""macd_signal"": 9, ""bb_len"": 20, ""bb_std"": 1.5, ""stoch_k"": 7, ""stoch_d"": 3, ""stoch_ob"": 75, ""stoch_os"": 20, ""atr_len"": 14, ""adx_len"": 14, ""adx_min"": 18, ""sl_atr"": 1.5, ""tp_atr"": 2.0, ""hold_bars"": 3}"
momentum_burst,-20.41,479.59,4.62,42.86,140,60,80,"{""ema_fast"": 5, ""ema_slow"": 55, ""rsi_len"": 7, ""rsi_buy"": 45, ""rsi_sell"": 50, ""rsi_ob"": 70, ""rsi_os"": 25, ""rsi_os_level"": 25, ""rsi_ob_level"": 70, ""rsi_mid_low"": 40, ""rsi_mid_high"": 60, ""macd_fast"": 12, ""macd_slow"": 26, ""macd_signal"": 5, ""bb_len"": 14, ""bb_std"": 2.0, ""stoch_k"": 14, ""stoch_d"": 3, ""stoch_ob"": 75, ""stoch_os"": 20, ""atr_len"": 10, ""adx_len"": 14, ""adx_min"": 18, ""sl_atr"": 1.2, ""tp_atr"": 2.0, ""hold_bars"": 3}"
momentum_burst,-20.41,479.59,4.62,42.86,140,60,80,"{""ema_fast"": 5, ""ema_slow"": 55, ""rsi_len"": 7, ""rsi_buy"": 45, ""rsi_sell"": 55, ""rsi_ob"": 70, ""rsi_os"": 25, ""rsi_os_level"": 25, ""rsi_ob_level"": 70, ""rsi_mid_low"": 40, ""rsi_mid_high"": 60, ""macd_fast"": 12, ""macd_slow"": 26, ""macd_signal"": 5, ""bb_len"": 14, ""bb_std"": 2.0, ""stoch_k"": 14, ""stoch_d"": 3, ""stoch_ob"": 75, ""stoch_os"": 20, ""atr_len"": 10, ""adx_len"": 14, ""adx_min"": 18, ""sl_atr"": 1.2, ""tp_atr"": 2.0, ""hold_bars"": 3}"
momentum_burst,-20.41,479.59,4.62,42.86,140,60,80,"{""ema_fast"": 5, ""ema_slow"": 55, ""rsi_len"": 7, ""rsi_buy"": 50, ""rsi_sell"": 50, ""rsi_ob"": 70, ""rsi_os"": 25, ""rsi_os_level"": 25, ""rsi_ob_level"": 70, ""rsi_mid_low"": 40, ""rsi_mid_high"": 60, ""macd_fast"": 12, ""macd_slow"": 26, ""macd_signal"": 5, ""bb_len"": 14, ""bb_std"": 2.0, ""stoch_k"": 14, ""stoch_d"": 3, ""stoch_ob"": 75, ""stoch_os"": 20, ""atr_len"": 10, ""adx_len"": 14, ""adx_min"": 18, ""sl_atr"": 1.2, ""tp_atr"": 2.0, ""hold_bars"": 3}"
momentum_burst,-20.41,479.59,4.62,42.86,140,60,80,"{""ema_fast"": 5, ""ema_slow"": 55, ""rsi_len"": 7, ""rsi_buy"": 50, ""rsi_sell"": 55, ""rsi_ob"": 70, ""rsi_os"": 25, ""rsi_os_level"": 25, ""rsi_ob_level"": 70, ""rsi_mid_low"": 40, ""rsi_mid_high"": 60, ""macd_fast"": 12, ""macd_slow"": 26, ""macd_signal"": 5, ""bb_len"": 14, ""bb_std"": 2.0, ""stoch_k"": 14, ""stoch_d"": 3, ""stoch_ob"": 75, ""stoch_os"": 20, ""atr_len"": 10, ""adx_len"": 14, ""adx_min"": 18, ""sl_atr"": 1.2, ""tp_atr"": 2.0, ""hold_bars"": 3}"
combo_triple,-20.44,479.56,4.4,40.18,112,45,67,"{""ema_fast"": 5, ""ema_slow"": 55, ""rsi_len"": 7, ""rsi_buy"": 50, ""rsi_sell"": 55, ""rsi_ob"": 70, ""rsi_os"": 25, ""rsi_os_level"": 25, ""rsi_ob_level"": 70, ""rsi_mid_low"": 40, ""rsi_mid_high"": 60, ""macd_fast"": 12, ""macd_slow"": 26, ""macd_signal"": 5, ""bb_len"": 14, ""bb_std"": 2.0, ""stoch_k"": 14, ""stoch_d"": 3, ""stoch_ob"": 75, ""stoch_os"": 20, ""atr_len"": 10, ""adx_len"": 14, ""adx_min"": 18, ""sl_atr"": 1.2, ""tp_atr"": 2.0, ""hold_bars"": 3}"
trend_adx,-20.58,479.42,7.07,52.11,545,284,261,"{""ema_fast"": 5, ""ema_slow"": 21, ""rsi_len"": 7, ""rsi_buy"": 45, ""rsi_sell"": 50, ""rsi_ob"": 70, ""rsi_os"": 25, ""rsi_os_level"": 25, ""rsi_ob_level"": 70, ""rsi_mid_low"": 40, ""rsi_mid_high"": 60, ""macd_fast"": 8, ""macd_slow"": 21, ""macd_signal"": 5, ""bb_len"": 14, ""bb_std"": 1.5, ""stoch_k"": 7, ""stoch_d"": 3, ""stoch_ob"": 75, ""stoch_os"": 20, ""atr_len"": 10, ""adx_len"": 14, ""adx_min"": 18, ""sl_atr"": 1.5, ""tp_atr"": 2.0, ""hold_bars"": 3}"
trend_adx,-20.58,479.42,7.07,52.11,545,284,261,"{""ema_fast"": 5, ""ema_slow"": 21, ""rsi_len"": 7, ""rsi_buy"": 45, ""rsi_sell"": 55, ""rsi_ob"": 70, ""rsi_os"": 25, ""rsi_os_level"": 25, ""rsi_ob_level"": 70, ""rsi_mid_low"": 40, ""rsi_mid_high"": 60, ""macd_fast"": 8, ""macd_slow"": 21, ""macd_signal"": 5, ""bb_len"": 14, ""bb_std"": 1.5, ""stoch_k"": 7, ""stoch_d"": 3, ""stoch_ob"": 75, ""stoch_os"": 20, ""atr_len"": 10, ""adx_len"": 14, ""adx_min"": 18, ""sl_atr"": 1.5, ""tp_atr"": 2.0, ""hold_bars"": 3}"
trend_adx,-20.58,479.42,7.07,52.11,545,284,261,"{""ema_fast"": 5, ""ema_slow"": 21, ""rsi_len"": 7, ""rsi_buy"": 50, ""rsi_sell"": 50, ""rsi_ob"": 70, ""rsi_os"": 25, ""rsi_os_level"": 25, ""rsi_ob_level"": 70, ""rsi_mid_low"": 40, ""rsi_mid_high"": 60, ""macd_fast"": 8, ""macd_slow"": 21, ""macd_signal"": 5, ""bb_len"": 14, ""bb_std"": 1.5, ""stoch_k"": 7, ""stoch_d"": 3, ""stoch_ob"": 75, ""stoch_os"": 20, ""atr_len"": 10, ""adx_len"": 14, ""adx_min"": 18, ""sl_atr"": 1.5, ""tp_atr"": 2.0, ""hold_bars"": 3}"
trend_adx,-20.58,479.42,7.07,52.11,545,284,261,"{""ema_fast"": 5, ""ema_slow"": 21, ""rsi_len"": 7, ""rsi_buy"": 50, ""rsi_sell"": 55, ""rsi_ob"": 70, ""rsi_os"": 25, ""rsi_os_level"": 25, ""rsi_ob_level"": 70, ""rsi_mid_low"": 40, ""rsi_mid_high"": 60, ""macd_fast"": 8, ""macd_slow"": 21, ""macd_signal"": 5, ""bb_len"": 14, ""bb_std"": 1.5, ""stoch_k"": 7, ""stoch_d"": 3, ""stoch_ob"": 75, ""stoch_os"": 20, ""atr_len"": 10, ""adx_len"": 14, ""adx_min"": 18, ""sl_atr"": 1.5, ""tp_atr"": 2.0, ""hold_bars"": 3}"
ema_rsi,-21.36,478.64,8.91,48.73,1609,784,825,"{""ema_fast"": 8, ""ema_slow"": 34, ""rsi_len"": 7, ""rsi_buy"": 50, ""rsi_sell"": 55, ""rsi_ob"": 70, ""rsi_os"": 25, ""rsi_os_level"": 25, ""rsi_ob_level"": 70, ""rsi_mid_low"": 40, ""rsi_mid_high"": 60, ""macd_fast"": 8, ""macd_slow"": 26, ""macd_signal"": 9, ""bb_len"": 14, ""bb_std"": 1.5, ""stoch_k"": 14, ""stoch_d"": 3, ""stoch_ob"": 75, ""stoch_os"": 20, ""atr_len"": 10, ""adx_len"": 14, ""adx_min"": 25, ""sl_atr"": 1.2, ""tp_atr"": 2.0, ""hold_bars"": 3}"
momentum_burst,-21.38,478.62,5.35,44.89,176,79,97,"{""ema_fast"": 5, ""ema_slow"": 21, ""rsi_len"": 7, ""rsi_buy"": 45, ""rsi_sell"": 50, ""rsi_ob"": 70, ""rsi_os"": 25, ""rsi_os_level"": 25, ""rsi_ob_level"": 70, ""rsi_mid_low"": 40, ""rsi_mid_high"": 60, ""macd_fast"": 8, ""macd_slow"": 21, ""macd_signal"": 5, ""bb_len"": 14, ""bb_std"": 1.5, ""stoch_k"": 7, ""stoch_d"": 3, ""stoch_ob"": 75, ""stoch_os"": 20, ""atr_len"": 10, ""adx_len"": 14, ""adx_min"": 18, ""sl_atr"": 1.2, ""tp_atr"": 2.0, ""hold_bars"": 3}"
momentum_burst,-21.38,478.62,5.35,44.89,176,79,97,"{""ema_fast"": 5, ""ema_slow"": 21, ""rsi_len"": 7, ""rsi_buy"": 45, ""rsi_sell"": 55, ""rsi_ob"": 70, ""rsi_os"": 25, ""rsi_os_level"": 25, ""rsi_ob_level"": 70, ""rsi_mid_low"": 40, ""rsi_mid_high"": 60, ""macd_fast"": 8, ""macd_slow"": 21, ""macd_signal"": 5, ""bb_len"": 14, ""bb_std"": 1.5, ""stoch_k"": 7, ""stoch_d"": 3, ""stoch_ob"": 75, ""stoch_os"": 20, ""atr_len"": 10, ""adx_len"": 14, ""adx_min"": 18, ""sl_atr"": 1.2, ""tp_atr"": 2.0, ""hold_bars"": 3}"
momentum_burst,-21.38,478.62,5.35,44.89,176,79,97,"{""ema_fast"": 5, ""ema_slow"": 21, ""rsi_len"": 7, ""rsi_buy"": 50, ""rsi_sell"": 50, ""rsi_ob"": 70, ""rsi_os"": 25, ""rsi_os_level"": 25, ""rsi_ob_level"": 70, ""rsi_mid_low"": 40, ""rsi_mid_high"": 60, ""macd_fast"": 8, ""macd_slow"": 21, ""macd_signal"": 5, ""bb_len"": 14, ""bb_std"": 1.5, ""stoch_k"": 7, ""stoch_d"": 3, ""stoch_ob"": 75, ""stoch_os"": 20, ""atr_len"": 10, ""adx_len"": 14, ""adx_min"": 18, ""sl_atr"": 1.2, ""tp_atr"": 2.0, ""hold_bars"": 3}"
momentum_burst,-21.38,478.62,5.35,44.89,176,79,97,"{""ema_fast"": 5, ""ema_slow"": 21, ""rsi_len"": 7, ""rsi_buy"": 50, ""rsi_sell"": 55, ""rsi_ob"": 70, ""rsi_os"": 25, ""rsi_os_level"": 25, ""rsi_ob_level"": 70, ""rsi_mid_low"": 40, ""rsi_mid_high"": 60, ""macd_fast"": 8, ""macd_slow"": 21, ""macd_signal"": 5, ""bb_len"": 14, ""bb_std"": 1.5, ""stoch_k"": 7, ""stoch_d"": 3, ""stoch_ob"": 75, ""stoch_os"": 20, ""atr_len"": 10, ""adx_len"": 14, ""adx_min"": 18, ""sl_atr"": 1.2, ""tp_atr"": 2.0, ""hold_bars"": 3}"
trend_adx,-22.37,477.63,5.29,50.78,319,162,157,"{""ema_fast"": 5, ""ema_slow"": 55, ""rsi_len"": 14, ""rsi_buy"": 45, ""rsi_sell"": 50, ""rsi_ob"": 70, ""rsi_os"": 25, ""rsi_os_level"": 25, ""rsi_ob_level"": 70, ""rsi_mid_low"": 40, ""rsi_mid_high"": 60, ""macd_fast"": 12, ""macd_slow"": 26, ""macd_signal"": 9, ""bb_len"": 20, ""bb_std"": 2.0, ""stoch_k"": 14, ""stoch_d"": 3, ""stoch_ob"": 75, ""stoch_os"": 20, ""atr_len"": 14, ""adx_len"": 14, ""adx_min"": 25, ""sl_atr"": 1.5, ""tp_atr"": 2.0, ""hold_bars"": 3}"
trend_adx,-22.37,477.63,5.29,50.78,319,162,157,"{""ema_fast"": 5, ""ema_slow"": 55, ""rsi_len"": 14, ""rsi_buy"": 45, ""rsi_sell"": 55, ""rsi_ob"": 70, ""rsi_os"": 25, ""rsi_os_level"": 25, ""rsi_ob_level"": 70, ""rsi_mid_low"": 40, ""rsi_mid_high"": 60, ""macd_fast"": 12, ""macd_slow"": 26, ""macd_signal"": 9, ""bb_len"": 20, ""bb_std"": 2.0, ""stoch_k"": 14, ""stoch_d"": 3, ""stoch_ob"": 75, ""stoch_os"": 20, ""atr_len"": 14, ""adx_len"": 14, ""adx_min"": 25, ""sl_atr"": 1.5, ""tp_atr"": 2.0, ""hold_bars"": 3}"
trend_adx,-22.37,477.63,5.29,50.78,319,162,157,"{""ema_fast"": 5, ""ema_slow"": 55, ""rsi_len"": 14, ""rsi_buy"": 50, ""rsi_sell"": 50, ""rsi_ob"": 70, ""rsi_os"": 25, ""rsi_os_level"": 25, ""rsi_ob_level"": 70, ""rsi_mid_low"": 40, ""rsi_mid_high"": 60, ""macd_fast"": 12, ""macd_slow"": 26, ""macd_signal"": 9, ""bb_len"": 20, ""bb_std"": 2.0, ""stoch_k"": 14, ""stoch_d"": 3, ""stoch_ob"": 75, ""stoch_os"": 20, ""atr_len"": 14, ""adx_len"": 14, ""adx_min"": 25, ""sl_atr"": 1.5, ""tp_atr"": 2.0, ""hold_bars"": 3}"
trend_adx,-22.37,477.63,5.29,50.78,319,162,157,"{""ema_fast"": 5, ""ema_slow"": 55, ""rsi_len"": 14, ""rsi_buy"": 50, ""rsi_sell"": 55, ""rsi_ob"": 70, ""rsi_os"": 25, ""rsi_os_level"": 25, ""rsi_ob_level"": 70, ""rsi_mid_low"": 40, ""rsi_mid_high"": 60, ""macd_fast"": 12, ""macd_slow"": 26, ""macd_signal"": 9, ""bb_len"": 20, ""bb_std"": 2.0, ""stoch_k"": 14, ""stoch_d"": 3, ""stoch_ob"": 75, ""stoch_os"": 20, ""atr_len"": 14, ""adx_len"": 14, ""adx_min"": 25, ""sl_atr"": 1.5, ""tp_atr"": 2.0, ""hold_bars"": 3}"
ema_rsi,-25.79,474.21,11.55,52.82,1615,853,762,"{""ema_fast"": 5, ""ema_slow"": 34, ""rsi_len"": 14, ""rsi_buy"": 50, ""rsi_sell"": 50, ""rsi_ob"": 70, ""rsi_os"": 25, ""rsi_os_level"": 25, ""rsi_ob_level"": 70, ""rsi_mid_low"": 40, ""rsi_mid_high"": 60, ""macd_fast"": 12, ""macd_slow"": 21, ""macd_signal"": 5, ""bb_len"": 20, ""bb_std"": 2.0, ""stoch_k"": 7, ""stoch_d"": 3, ""stoch_ob"": 75, ""stoch_os"": 20, ""atr_len"": 10, ""adx_len"": 14, ""adx_min"": 25, ""sl_atr"": 1.5, ""tp_atr"": 2.0, ""hold_bars"": 3}"
ema_rsi,-31.22,468.78,11.87,52.69,1541,812,729,"{""ema_fast"": 5, ""ema_slow"": 21, ""rsi_len"": 7, ""rsi_buy"": 45, ""rsi_sell"": 55, ""rsi_ob"": 70, ""rsi_os"": 25, ""rsi_os_level"": 25, ""rsi_ob_level"": 70, ""rsi_mid_low"": 40, ""rsi_mid_high"": 60, ""macd_fast"": 8, ""macd_slow"": 21, ""macd_signal"": 5, ""bb_len"": 14, ""bb_std"": 1.5, ""stoch_k"": 7, ""stoch_d"": 3, ""stoch_ob"": 75, ""stoch_os"": 20, ""atr_len"": 10, ""adx_len"": 14, ""adx_min"": 18, ""sl_atr"": 1.5, ""tp_atr"": 2.0, ""hold_bars"": 3}"
momentum_burst,-31.87,468.13,6.37,42.45,212,90,122,"{""ema_fast"": 8, ""ema_slow"": 21, ""rsi_len"": 14, ""rsi_buy"": 45, ""rsi_sell"": 50, ""rsi_ob"": 70, ""rsi_os"": 25, ""rsi_os_level"": 25, ""rsi_ob_level"": 70, ""rsi_mid_low"": 40, ""rsi_mid_high"": 60, ""macd_fast"": 8, ""macd_slow"": 21, ""macd_signal"": 9, ""bb_len"": 20, ""bb_std"": 1.5, ""stoch_k"": 7, ""stoch_d"": 3, ""stoch_ob"": 75, ""stoch_os"": 20, ""atr_len"": 14, ""adx_len"": 14, ""adx_min"": 18, ""sl_atr"": 1.2, ""tp_atr"": 2.0, ""hold_bars"": 3}"
momentum_burst,-31.87,468.13,6.37,42.45,212,90,122,"{""ema_fast"": 8, ""ema_slow"": 21, ""rsi_len"": 14, ""rsi_buy"": 45, ""rsi_sell"": 55, ""rsi_ob"": 70, ""rsi_os"": 25, ""rsi_os_level"": 25, ""rsi_ob_level"": 70, ""rsi_mid_low"": 40, ""rsi_mid_high"": 60, ""macd_fast"": 8, ""macd_slow"": 21, ""macd_signal"": 9, ""bb_len"": 20, ""bb_std"": 1.5, ""stoch_k"": 7, ""stoch_d"": 3, ""stoch_ob"": 75, ""stoch_os"": 20, ""atr_len"": 14, ""adx_len"": 14, ""adx_min"": 18, ""sl_atr"": 1.2, ""tp_atr"": 2.0, ""hold_bars"": 3}"
momentum_burst,-31.87,468.13,6.37,42.45,212,90,122,"{""ema_fast"": 8, ""ema_slow"": 21, ""rsi_len"": 14, ""rsi_buy"": 50, ""rsi_sell"": 50, ""rsi_ob"": 70, ""rsi_os"": 25, ""rsi_os_level"": 25, ""rsi_ob_level"": 70, ""rsi_mid_low"": 40, ""rsi_mid_high"": 60, ""macd_fast"": 8, ""macd_slow"": 21, ""macd_signal"": 9, ""bb_len"": 20, ""bb_std"": 1.5, ""stoch_k"": 7, ""stoch_d"": 3, ""stoch_ob"": 75, ""stoch_os"": 20, ""atr_len"": 14, ""adx_len"": 14, ""adx_min"": 18, ""sl_atr"": 1.2, ""tp_atr"": 2.0, ""hold_bars"": 3}"
momentum_burst,-31.87,468.13,6.37,42.45,212,90,122,"{""ema_fast"": 8, ""ema_slow"": 21, ""rsi_len"": 14, ""rsi_buy"": 50, ""rsi_sell"": 55, ""rsi_ob"": 70, ""rsi_os"": 25, ""rsi_os_level"": 25, ""rsi_ob_level"": 70, ""rsi_mid_low"": 40, ""rsi_mid_high"": 60, ""macd_fast"": 8, ""macd_slow"": 21, ""macd_signal"": 9, ""bb_len"": 20, ""bb_std"": 1.5, ""stoch_k"": 7, ""stoch_d"": 3, ""stoch_ob"": 75, ""stoch_os"": 20, ""atr_len"": 14, ""adx_len"": 14, ""adx_min"": 18, ""sl_atr"": 1.2, ""tp_atr"": 2.0, ""hold_bars"": 3}"
ema_rsi,-33.46,466.54,9.94,48.37,1685,815,870,"{""ema_fast"": 8, ""ema_slow"": 34, ""rsi_len"": 7, ""rsi_buy"": 45, ""rsi_sell"": 55, ""rsi_ob"": 70, ""rsi_os"": 25, ""rsi_os_level"": 25, ""rsi_ob_level"": 70, ""rsi_mid_low"": 40, ""rsi_mid_high"": 60, ""macd_fast"": 8, ""macd_slow"": 26, ""macd_signal"": 9, ""bb_len"": 14, ""bb_std"": 1.5, ""stoch_k"": 14, ""stoch_d"": 3, ""stoch_ob"": 75, ""stoch_os"": 20, ""atr_len"": 10, ""adx_len"": 14, ""adx_min"": 25, ""sl_atr"": 1.2, ""tp_atr"": 2.0, ""hold_bars"": 3}"
ema_rsi,-34.6,465.4,10.6,52.54,1534,806,728,"{""ema_fast"": 5, ""ema_slow"": 21, ""rsi_len"": 7, ""rsi_buy"": 50, ""rsi_sell"": 55, ""rsi_ob"": 70, ""rsi_os"": 25, ""rsi_os_level"": 25, ""rsi_ob_level"": 70, ""rsi_mid_low"": 40, ""rsi_mid_high"": 60, ""macd_fast"": 8, ""macd_slow"": 21, ""macd_signal"": 5, ""bb_len"": 14, ""bb_std"": 1.5, ""stoch_k"": 7, ""stoch_d"": 3, ""stoch_ob"": 75, ""stoch_os"": 20, ""atr_len"": 10, ""adx_len"": 14, ""adx_min"": 18, ""sl_atr"": 1.5, ""tp_atr"": 2.0, ""hold_bars"": 3}"
ema_rsi,-35.58,464.42,10.57,52.54,1513,795,718,"{""ema_fast"": 5, ""ema_slow"": 21, ""rsi_len"": 7, ""rsi_buy"": 50, ""rsi_sell"": 50, ""rsi_ob"": 70, ""rsi_os"": 25, ""rsi_os_level"": 25, ""rsi_ob_level"": 70, ""rsi_mid_low"": 40, ""rsi_mid_high"": 60, ""macd_fast"": 8, ""macd_slow"": 21, ""macd_signal"": 5, ""bb_len"": 14, ""bb_std"": 1.5, ""stoch_k"": 7, ""stoch_d"": 3, ""stoch_ob"": 75, ""stoch_os"": 20, ""atr_len"": 10, ""adx_len"": 14, ""adx_min"": 18, ""sl_atr"": 1.5, ""tp_atr"": 2.0, ""hold_bars"": 3}"
trend_adx,-36.72,463.28,7.65,44.31,334,148,186,"{""ema_fast"": 5, ""ema_slow"": 55, ""rsi_len"": 14, ""rsi_buy"": 45, ""rsi_sell"": 50, ""rsi_ob"": 70, ""rsi_os"": 25, ""rsi_os_level"": 25, ""rsi_ob_level"": 70, ""rsi_mid_low"": 40, ""rsi_mid_high"": 60, ""macd_fast"": 12, ""macd_slow"": 26, ""macd_signal"": 9, ""bb_len"": 20, ""bb_std"": 2.0, ""stoch_k"": 14, ""stoch_d"": 3, ""stoch_ob"": 75, ""stoch_os"": 20, ""atr_len"": 14, ""adx_len"": 14, ""adx_min"": 25, ""sl_atr"": 1.2, ""tp_atr"": 2.0, ""hold_bars"": 3}"
trend_adx,-36.72,463.28,7.65,44.31,334,148,186,"{""ema_fast"": 5, ""ema_slow"": 55, ""rsi_len"": 14, ""rsi_buy"": 45, ""rsi_sell"": 55, ""rsi_ob"": 70, ""rsi_os"": 25, ""rsi_os_level"": 25, ""rsi_ob_level"": 70, ""rsi_mid_low"": 40, ""rsi_mid_high"": 60, ""macd_fast"": 12, ""macd_slow"": 26, ""macd_signal"": 9, ""bb_len"": 20, ""bb_std"": 2.0, ""stoch_k"": 14, ""stoch_d"": 3, ""stoch_ob"": 75, ""stoch_os"": 20, ""atr_len"": 14, ""adx_len"": 14, ""adx_min"": 25, ""sl_atr"": 1.2, ""tp_atr"": 2.0, ""hold_bars"": 3}"
trend_adx,-36.72,463.28,7.65,44.31,334,148,186,"{""ema_fast"": 5, ""ema_slow"": 55, ""rsi_len"": 14, ""rsi_buy"": 50, ""rsi_sell"": 50, ""rsi_ob"": 70, ""rsi_os"": 25, ""rsi_os_level"": 25, ""rsi_ob_level"": 70, ""rsi_mid_low"": 40, ""rsi_mid_high"": 60, ""macd_fast"": 12, ""macd_slow"": 26, ""macd_signal"": 9, ""bb_len"": 20, ""bb_std"": 2.0, ""stoch_k"": 14, ""stoch_d"": 3, ""stoch_ob"": 75, ""stoch_os"": 20, ""atr_len"": 14, ""adx_len"": 14, ""adx_min"": 25, ""sl_atr"": 1.2, ""tp_atr"": 2.0, ""hold_bars"": 3}"
trend_adx,-36.72,463.28,7.65,44.31,334,148,186,"{""ema_fast"": 5, ""ema_slow"": 55, ""rsi_len"": 14, ""rsi_buy"": 50, ""rsi_sell"": 55, ""rsi_ob"": 70, ""rsi_os"": 25, ""rsi_os_level"": 25, ""rsi_ob_level"": 70, ""rsi_mid_low"": 40, ""rsi_mid_high"": 60, ""macd_fast"": 12, ""macd_slow"": 26, ""macd_signal"": 9, ""bb_len"": 20, ""bb_std"": 2.0, ""stoch_k"": 14, ""stoch_d"": 3, ""stoch_ob"": 75, ""stoch_os"": 20, ""atr_len"": 14, ""adx_len"": 14, ""adx_min"": 25, ""sl_atr"": 1.2, ""tp_atr"": 2.0, ""hold_bars"": 3}"
ema_rsi,-36.72,463.28,10.41,48.26,1579,762,817,"{""ema_fast"": 8, ""ema_slow"": 34, ""rsi_len"": 7, ""rsi_buy"": 50, ""rsi_sell"": 50, ""rsi_ob"": 70, ""rsi_os"": 25, ""rsi_os_level"": 25, ""rsi_ob_level"": 70, ""rsi_mid_low"": 40, ""rsi_mid_high"": 60, ""macd_fast"": 8, ""macd_slow"": 26, ""macd_signal"": 9, ""bb_len"": 14, ""bb_std"": 1.5, ""stoch_k"": 14, ""stoch_d"": 3, ""stoch_ob"": 75, ""stoch_os"": 20, ""atr_len"": 10, ""adx_len"": 14, ""adx_min"": 25, ""sl_atr"": 1.2, ""tp_atr"": 2.0, ""hold_bars"": 3}"
ema_rsi,-40.57,459.43,11.17,52.38,1621,849,772,"{""ema_fast"": 5, ""ema_slow"": 34, ""rsi_len"": 14, ""rsi_buy"": 50, ""rsi_sell"": 55, ""rsi_ob"": 70, ""rsi_os"": 25, ""rsi_os_level"": 25, ""rsi_ob_level"": 70, ""rsi_mid_low"": 40, ""rsi_mid_high"": 60, ""macd_fast"": 12, ""macd_slow"": 21, ""macd_signal"": 5, ""bb_len"": 20, ""bb_std"": 2.0, ""stoch_k"": 7, ""stoch_d"": 3, ""stoch_ob"": 75, ""stoch_os"": 20, ""atr_len"": 10, ""adx_len"": 14, ""adx_min"": 25, ""sl_atr"": 1.5, ""tp_atr"": 2.0, ""hold_bars"": 3}"
ema_rsi,-42.49,457.51,12.39,52.37,1520,796,724,"{""ema_fast"": 5, ""ema_slow"": 21, ""rsi_len"": 7, ""rsi_buy"": 45, ""rsi_sell"": 50, ""rsi_ob"": 70, ""rsi_os"": 25, ""rsi_os_level"": 25, ""rsi_ob_level"": 70, ""rsi_mid_low"": 40, ""rsi_mid_high"": 60, ""macd_fast"": 8, ""macd_slow"": 21, ""macd_signal"": 5, ""bb_len"": 14, ""bb_std"": 1.5, ""stoch_k"": 7, ""stoch_d"": 3, ""stoch_ob"": 75, ""stoch_os"": 20, ""atr_len"": 10, ""adx_len"": 14, ""adx_min"": 18, ""sl_atr"": 1.5, ""tp_atr"": 2.0, ""hold_bars"": 3}"
ema_rsi,-48.48,451.52,11.94,52.4,1668,874,794,"{""ema_fast"": 8, ""ema_slow"": 21, ""rsi_len"": 14, ""rsi_buy"": 45, ""rsi_sell"": 55, ""rsi_ob"": 70, ""rsi_os"": 25, ""rsi_os_level"": 25, ""rsi_ob_level"": 70, ""rsi_mid_low"": 40, ""rsi_mid_high"": 60, ""macd_fast"": 8, ""macd_slow"": 21, ""macd_signal"": 9, ""bb_len"": 20, ""bb_std"": 1.5, ""stoch_k"": 7, ""stoch_d"": 3, ""stoch_ob"": 75, ""stoch_os"": 20, ""atr_len"": 14, ""adx_len"": 14, ""adx_min"": 18, ""sl_atr"": 1.5, ""tp_atr"": 2.0, ""hold_bars"": 3}"
trend_adx,-48.82,451.18,9.76,47.31,334,158,176,"{""ema_fast"": 5, ""ema_slow"": 34, ""rsi_len"": 14, ""rsi_buy"": 45, ""rsi_sell"": 50, ""rsi_ob"": 70, ""rsi_os"": 25, ""rsi_os_level"": 25, ""rsi_ob_level"": 70, ""rsi_mid_low"": 40, ""rsi_mid_high"": 60, ""macd_fast"": 12, ""macd_slow"": 21, ""macd_signal"": 5, ""bb_len"": 20, ""bb_std"": 2.0, ""stoch_k"": 7, ""stoch_d"": 3, ""stoch_ob"": 75, ""stoch_os"": 20, ""atr_len"": 10, ""adx_len"": 14, ""adx_min"": 25, ""sl_atr"": 1.5, ""tp_atr"": 2.0, ""hold_bars"": 3}"
trend_adx,-48.82,451.18,9.76,47.31,334,158,176,"{""ema_fast"": 5, ""ema_slow"": 34, ""rsi_len"": 14, ""rsi_buy"": 45, ""rsi_sell"": 55, ""rsi_ob"": 70, ""rsi_os"": 25, ""rsi_os_level"": 25, ""rsi_ob_level"": 70, ""rsi_mid_low"": 40, ""rsi_mid_high"": 60, ""macd_fast"": 12, ""macd_slow"": 21, ""macd_signal"": 5, ""bb_len"": 20, ""bb_std"": 2.0, ""stoch_k"": 7, ""stoch_d"": 3, ""stoch_ob"": 75, ""stoch_os"": 20, ""atr_len"": 10, ""adx_len"": 14, ""adx_min"": 25, ""sl_atr"": 1.5, ""tp_atr"": 2.0, ""hold_bars"": 3}"
trend_adx,-48.82,451.18,9.76,47.31,334,158,176,"{""ema_fast"": 5, ""ema_slow"": 34, ""rsi_len"": 14, ""rsi_buy"": 50, ""rsi_sell"": 50, ""rsi_ob"": 70, ""rsi_os"": 25, ""rsi_os_level"": 25, ""rsi_ob_level"": 70, ""rsi_mid_low"": 40, ""rsi_mid_high"": 60, ""macd_fast"": 12, ""macd_slow"": 21, ""macd_signal"": 5, ""bb_len"": 20, ""bb_std"": 2.0, ""stoch_k"": 7, ""stoch_d"": 3, ""stoch_ob"": 75, ""stoch_os"": 20, ""atr_len"": 10, ""adx_len"": 14, ""adx_min"": 25, ""sl_atr"": 1.5, ""tp_atr"": 2.0, ""hold_bars"": 3}"
trend_adx,-48.82,451.18,9.76,47.31,334,158,176,"{""ema_fast"": 5, ""ema_slow"": 34, ""rsi_len"": 14, ""rsi_buy"": 50, ""rsi_sell"": 55, ""rsi_ob"": 70, ""rsi_os"": 25, ""rsi_os_level"": 25, ""rsi_ob_level"": 70, ""rsi_mid_low"": 40, ""rsi_mid_high"": 60, ""macd_fast"": 12, ""macd_slow"": 21, ""macd_signal"": 5, ""bb_len"": 20, ""bb_std"": 2.0, ""stoch_k"": 7, ""stoch_d"": 3, ""stoch_ob"": 75, ""stoch_os"": 20, ""atr_len"": 10, ""adx_len"": 14, ""adx_min"": 25, ""sl_atr"": 1.5, ""tp_atr"": 2.0, ""hold_bars"": 3}"
ema_rsi,-49.8,450.2,12.42,48.16,1798,866,932,"{""ema_fast"": 5, ""ema_slow"": 55, ""rsi_len"": 14, ""rsi_buy"": 50, ""rsi_sell"": 50, ""rsi_ob"": 70, ""rsi_os"": 25, ""rsi_os_level"": 25, ""rsi_ob_level"": 70, ""rsi_mid_low"": 40, ""rsi_mid_high"": 60, ""macd_fast"": 12, ""macd_slow"": 26, ""macd_signal"": 9, ""bb_len"": 20, ""bb_std"": 2.0, ""stoch_k"": 14, ""stoch_d"": 3, ""stoch_ob"": 75, ""stoch_os"": 20, ""atr_len"": 14, ""adx_len"": 14, ""adx_min"": 25, ""sl_atr"": 1.2, ""tp_atr"": 2.0, ""hold_bars"": 3}"
ema_rsi,-50.89,449.11,12.92,47.85,1655,792,863,"{""ema_fast"": 8, ""ema_slow"": 34, ""rsi_len"": 7, ""rsi_buy"": 45, ""rsi_sell"": 50, ""rsi_ob"": 70, ""rsi_os"": 25, ""rsi_os_level"": 25, ""rsi_ob_level"": 70, ""rsi_mid_low"": 40, ""rsi_mid_high"": 60, ""macd_fast"": 8, ""macd_slow"": 26, ""macd_signal"": 9, ""bb_len"": 14, ""bb_std"": 1.5, ""stoch_k"": 14, ""stoch_d"": 3, ""stoch_ob"": 75, ""stoch_os"": 20, ""atr_len"": 10, ""adx_len"": 14, ""adx_min"": 25, ""sl_atr"": 1.2, ""tp_atr"": 2.0, ""hold_bars"": 3}"
trend_adx,-53.05,446.95,10.95,45.38,595,270,325,"{""ema_fast"": 5, ""ema_slow"": 21, ""rsi_len"": 7, ""rsi_buy"": 45, ""rsi_sell"": 50, ""rsi_ob"": 70, ""rsi_os"": 25, ""rsi_os_level"": 25, ""rsi_ob_level"": 70, ""rsi_mid_low"": 40, ""rsi_mid_high"": 60, ""macd_fast"": 8, ""macd_slow"": 21, ""macd_signal"": 5, ""bb_len"": 14, ""bb_std"": 1.5, ""stoch_k"": 7, ""stoch_d"": 3, ""stoch_ob"": 75, ""stoch_os"": 20, ""atr_len"": 10, ""adx_len"": 14, ""adx_min"": 18, ""sl_atr"": 1.2, ""tp_atr"": 2.0, ""hold_bars"": 3}"
trend_adx,-53.05,446.95,10.95,45.38,595,270,325,"{""ema_fast"": 5, ""ema_slow"": 21, ""rsi_len"": 7, ""rsi_buy"": 45, ""rsi_sell"": 55, ""rsi_ob"": 70, ""rsi_os"": 25, ""rsi_os_level"": 25, ""rsi_ob_level"": 70, ""rsi_mid_low"": 40, ""rsi_mid_high"": 60, ""macd_fast"": 8, ""macd_slow"": 21, ""macd_signal"": 5, ""bb_len"": 14, ""bb_std"": 1.5, ""stoch_k"": 7, ""stoch_d"": 3, ""stoch_ob"": 75, ""stoch_os"": 20, ""atr_len"": 10, ""adx_len"": 14, ""adx_min"": 18, ""sl_atr"": 1.2, ""tp_atr"": 2.0, ""hold_bars"": 3}"
trend_adx,-53.05,446.95,10.95,45.38,595,270,325,"{""ema_fast"": 5, ""ema_slow"": 21, ""rsi_len"": 7, ""rsi_buy"": 50, ""rsi_sell"": 50, ""rsi_ob"": 70, ""rsi_os"": 25, ""rsi_os_level"": 25, ""rsi_ob_level"": 70, ""rsi_mid_low"": 40, ""rsi_mid_high"": 60, ""macd_fast"": 8, ""macd_slow"": 21, ""macd_signal"": 5, ""bb_len"": 14, ""bb_std"": 1.5, ""stoch_k"": 7, ""stoch_d"": 3, ""stoch_ob"": 75, ""stoch_os"": 20, ""atr_len"": 10, ""adx_len"": 14, ""adx_min"": 18, ""sl_atr"": 1.2, ""tp_atr"": 2.0, ""hold_bars"": 3}"
trend_adx,-53.05,446.95,10.95,45.38,595,270,325,"{""ema_fast"": 5, ""ema_slow"": 21, ""rsi_len"": 7, ""rsi_buy"": 50, ""rsi_sell"": 55, ""rsi_ob"": 70, ""rsi_os"": 25, ""rsi_os_level"": 25, ""rsi_ob_level"": 70, ""rsi_mid_low"": 40, ""rsi_mid_high"": 60, ""macd_fast"": 8, ""macd_slow"": 21, ""macd_signal"": 5, ""bb_len"": 14, ""bb_std"": 1.5, ""stoch_k"": 7, ""stoch_d"": 3, ""stoch_ob"": 75, ""stoch_os"": 20, ""atr_len"": 10, ""adx_len"": 14, ""adx_min"": 18, ""sl_atr"": 1.2, ""tp_atr"": 2.0, ""hold_bars"": 3}"
trend_adx,-56.7,443.3,11.34,41.6,351,146,205,"{""ema_fast"": 5, ""ema_slow"": 34, ""rsi_len"": 14, ""rsi_buy"": 45, ""rsi_sell"": 50, ""rsi_ob"": 70, ""rsi_os"": 25, ""rsi_os_level"": 25, ""rsi_ob_level"": 70, ""rsi_mid_low"": 40, ""rsi_mid_high"": 60, ""macd_fast"": 12, ""macd_slow"": 21, ""macd_signal"": 5, ""bb_len"": 20, ""bb_std"": 2.0, ""stoch_k"": 7, ""stoch_d"": 3, ""stoch_ob"": 75, ""stoch_os"": 20, ""atr_len"": 10, ""adx_len"": 14, ""adx_min"": 25, ""sl_atr"": 1.2, ""tp_atr"": 2.0, ""hold_bars"": 3}"
trend_adx,-56.7,443.3,11.34,41.6,351,146,205,"{""ema_fast"": 5, ""ema_slow"": 34, ""rsi_len"": 14, ""rsi_buy"": 45, ""rsi_sell"": 55, ""rsi_ob"": 70, ""rsi_os"": 25, ""rsi_os_level"": 25, ""rsi_ob_level"": 70, ""rsi_mid_low"": 40, ""rsi_mid_high"": 60, ""macd_fast"": 12, ""macd_slow"": 21, ""macd_signal"": 5, ""bb_len"": 20, ""bb_std"": 2.0, ""stoch_k"": 7, ""stoch_d"": 3, ""stoch_ob"": 75, ""stoch_os"": 20, ""atr_len"": 10, ""adx_len"": 14, ""adx_min"": 25, ""sl_atr"": 1.2, ""tp_atr"": 2.0, ""hold_bars"": 3}"
trend_adx,-56.7,443.3,11.34,41.6,351,146,205,"{""ema_fast"": 5, ""ema_slow"": 34, ""rsi_len"": 14, ""rsi_buy"": 50, ""rsi_sell"": 50, ""rsi_ob"": 70, ""rsi_os"": 25, ""rsi_os_level"": 25, ""rsi_ob_level"": 70, ""rsi_mid_low"": 40, ""rsi_mid_high"": 60, ""macd_fast"": 12, ""macd_slow"": 21, ""macd_signal"": 5, ""bb_len"": 20, ""bb_std"": 2.0, ""stoch_k"": 7, ""stoch_d"": 3, ""stoch_ob"": 75, ""stoch_os"": 20, ""atr_len"": 10, ""adx_len"": 14, ""adx_min"": 25, ""sl_atr"": 1.2, ""tp_atr"": 2.0, ""hold_bars"": 3}"
trend_adx,-56.7,443.3,11.34,41.6,351,146,205,"{""ema_fast"": 5, ""ema_slow"": 34, ""rsi_len"": 14, ""rsi_buy"": 50, ""rsi_sell"": 55, ""rsi_ob"": 70, ""rsi_os"": 25, ""rsi_os_level"": 25, ""rsi_ob_level"": 70, ""rsi_mid_low"": 40, ""rsi_mid_high"": 60, ""macd_fast"": 12, ""macd_slow"": 21, ""macd_signal"": 5, ""bb_len"": 20, ""bb_std"": 2.0, ""stoch_k"": 7, ""stoch_d"": 3, ""stoch_ob"": 75, ""stoch_os"": 20, ""atr_len"": 10, ""adx_len"": 14, ""adx_min"": 25, ""sl_atr"": 1.2, ""tp_atr"": 2.0, ""hold_bars"": 3}"
ema_rsi,-57.31,442.69,12.22,51.95,1644,854,790,"{""ema_fast"": 8, ""ema_slow"": 21, ""rsi_len"": 14, ""rsi_buy"": 50, ""rsi_sell"": 50, ""rsi_ob"": 70, ""rsi_os"": 25, ""rsi_os_level"": 25, ""rsi_ob_level"": 70, ""rsi_mid_low"": 40, ""rsi_mid_high"": 60, ""macd_fast"": 8, ""macd_slow"": 21, ""macd_signal"": 9, ""bb_len"": 20, ""bb_std"": 1.5, ""stoch_k"": 7, ""stoch_d"": 3, ""stoch_ob"": 75, ""stoch_os"": 20, ""atr_len"": 14, ""adx_len"": 14, ""adx_min"": 18, ""sl_atr"": 1.5, ""tp_atr"": 2.0, ""hold_bars"": 3}"
ema_rsi,-57.48,442.52,15.18,52.14,1684,878,806,"{""ema_fast"": 5, ""ema_slow"": 21, ""rsi_len"": 14, ""rsi_buy"": 45, ""rsi_sell"": 55, ""rsi_ob"": 70, ""rsi_os"": 25, ""rsi_os_level"": 25, ""rsi_ob_level"": 70, ""rsi_mid_low"": 40, ""rsi_mid_high"": 60, ""macd_fast"": 8, ""macd_slow"": 21, ""macd_signal"": 9, ""bb_len"": 20, ""bb_std"": 1.5, ""stoch_k"": 7, ""stoch_d"": 3, ""stoch_ob"": 75, ""stoch_os"": 20, ""atr_len"": 14, ""adx_len"": 14, ""adx_min"": 25, ""sl_atr"": 1.5, ""tp_atr"": 2.0, ""hold_bars"": 3}"
ema_rsi,-61.39,438.61,12.74,51.89,1667,865,802,"{""ema_fast"": 8, ""ema_slow"": 21, ""rsi_len"": 14, ""rsi_buy"": 45, ""rsi_sell"": 50, ""rsi_ob"": 70, ""rsi_os"": 25, ""rsi_os_level"": 25, ""rsi_ob_level"": 70, ""rsi_mid_low"": 40, ""rsi_mid_high"": 60, ""macd_fast"": 8, ""macd_slow"": 21, ""macd_signal"": 9, ""bb_len"": 20, ""bb_std"": 1.5, ""stoch_k"": 7, ""stoch_d"": 3, ""stoch_ob"": 75, ""stoch_os"": 20, ""atr_len"": 14, ""adx_len"": 14, ""adx_min"": 18, ""sl_atr"": 1.5, ""tp_atr"": 2.0, ""hold_bars"": 3}"
ema_rsi,-61.88,438.12,14.74,51.98,1643,854,789,"{""ema_fast"": 5, ""ema_slow"": 21, ""rsi_len"": 14, ""rsi_buy"": 50, ""rsi_sell"": 50, ""rsi_ob"": 70, ""rsi_os"": 25, ""rsi_os_level"": 25, ""rsi_ob_level"": 70, ""rsi_mid_low"": 40, ""rsi_mid_high"": 60, ""macd_fast"": 8, ""macd_slow"": 21, ""macd_signal"": 9, ""bb_len"": 20, ""bb_std"": 1.5, ""stoch_k"": 7, ""stoch_d"": 3, ""stoch_ob"": 75, ""stoch_os"": 20, ""atr_len"": 14, ""adx_len"": 14, ""adx_min"": 25, ""sl_atr"": 1.5, ""tp_atr"": 2.0, ""hold_bars"": 3}"
ema_rsi,-65.53,434.47,14.21,47.77,1836,877,959,"{""ema_fast"": 5, ""ema_slow"": 55, ""rsi_len"": 14, ""rsi_buy"": 50, ""rsi_sell"": 55, ""rsi_ob"": 70, ""rsi_os"": 25, ""rsi_os_level"": 25, ""rsi_ob_level"": 70, ""rsi_mid_low"": 40, ""rsi_mid_high"": 60, ""macd_fast"": 12, ""macd_slow"": 26, ""macd_signal"": 9, ""bb_len"": 20, ""bb_std"": 2.0, ""stoch_k"": 14, ""stoch_d"": 3, ""stoch_ob"": 75, ""stoch_os"": 20, ""atr_len"": 14, ""adx_len"": 14, ""adx_min"": 25, ""sl_atr"": 1.2, ""tp_atr"": 2.0, ""hold_bars"": 3}"
ema_rsi,-67.23,432.77,16.04,51.71,1669,863,806,"{""ema_fast"": 5, ""ema_slow"": 21, ""rsi_len"": 14, ""rsi_buy"": 45, ""rsi_sell"": 50, ""rsi_ob"": 70, ""rsi_os"": 25, ""rsi_os_level"": 25, ""rsi_ob_level"": 70, ""rsi_mid_low"": 40, ""rsi_mid_high"": 60, ""macd_fast"": 8, ""macd_slow"": 21, ""macd_signal"": 9, ""bb_len"": 20, ""bb_std"": 1.5, ""stoch_k"": 7, ""stoch_d"": 3, ""stoch_ob"": 75, ""stoch_os"": 20, ""atr_len"": 14, ""adx_len"": 14, ""adx_min"": 25, ""sl_atr"": 1.5, ""tp_atr"": 2.0, ""hold_bars"": 3}"
ema_rsi,-68.98,431.02,15.55,47.47,1742,827,915,"{""ema_fast"": 5, ""ema_slow"": 34, ""rsi_len"": 7, ""rsi_buy"": 45, ""rsi_sell"": 55, ""rsi_ob"": 70, ""rsi_os"": 25, ""rsi_os_level"": 25, ""rsi_ob_level"": 70, ""rsi_mid_low"": 40, ""rsi_mid_high"": 60, ""macd_fast"": 8, ""macd_slow"": 26, ""macd_signal"": 9, ""bb_len"": 14, ""bb_std"": 1.5, ""stoch_k"": 14, ""stoch_d"": 3, ""stoch_ob"": 75, ""stoch_os"": 20, ""atr_len"": 14, ""adx_len"": 14, ""adx_min"": 18, ""sl_atr"": 1.2, ""tp_atr"": 2.0, ""hold_bars"": 3}"
ema_rsi,-73.77,426.23,15.73,47.55,1855,882,973,"{""ema_fast"": 5, ""ema_slow"": 55, ""rsi_len"": 14, ""rsi_buy"": 45, ""rsi_sell"": 50, ""rsi_ob"": 70, ""rsi_os"": 25, ""rsi_os_level"": 25, ""rsi_ob_level"": 70, ""rsi_mid_low"": 40, ""rsi_mid_high"": 60, ""macd_fast"": 12, ""macd_slow"": 26, ""macd_signal"": 9, ""bb_len"": 20, ""bb_std"": 2.0, ""stoch_k"": 14, ""stoch_d"": 3, ""stoch_ob"": 75, ""stoch_os"": 20, ""atr_len"": 14, ""adx_len"": 14, ""adx_min"": 25, ""sl_atr"": 1.2, ""tp_atr"": 2.0, ""hold_bars"": 3}"
ema_rsi,-83.02,416.98,16.85,51.46,1673,861,812,"{""ema_fast"": 5, ""ema_slow"": 21, ""rsi_len"": 14, ""rsi_buy"": 50, ""rsi_sell"": 55, ""rsi_ob"": 70, ""rsi_os"": 25, ""rsi_os_level"": 25, ""rsi_ob_level"": 70, ""rsi_mid_low"": 40, ""rsi_mid_high"": 60, ""macd_fast"": 8, ""macd_slow"": 21, ""macd_signal"": 9, ""bb_len"": 20, ""bb_std"": 1.5, ""stoch_k"": 7, ""stoch_d"": 3, ""stoch_ob"": 75, ""stoch_os"": 20, ""atr_len"": 14, ""adx_len"": 14, ""adx_min"": 25, ""sl_atr"": 1.5, ""tp_atr"": 2.0, ""hold_bars"": 3}"
trend_adx,-83.68,416.32,17.0,44.21,380,168,212,"{""ema_fast"": 5, ""ema_slow"": 21, ""rsi_len"": 14, ""rsi_buy"": 45, ""rsi_sell"": 50, ""rsi_ob"": 70, ""rsi_os"": 25, ""rsi_os_level"": 25, ""rsi_ob_level"": 70, ""rsi_mid_low"": 40, ""rsi_mid_high"": 60, ""macd_fast"": 8, ""macd_slow"": 21, ""macd_signal"": 9, ""bb_len"": 20, ""bb_std"": 1.5, ""stoch_k"": 7, ""stoch_d"": 3, ""stoch_ob"": 75, ""stoch_os"": 20, ""atr_len"": 14, ""adx_len"": 14, ""adx_min"": 25, ""sl_atr"": 1.5, ""tp_atr"": 2.0, ""hold_bars"": 3}"
trend_adx,-83.68,416.32,17.0,44.21,380,168,212,"{""ema_fast"": 5, ""ema_slow"": 21, ""rsi_len"": 14, ""rsi_buy"": 45, ""rsi_sell"": 55, ""rsi_ob"": 70, ""rsi_os"": 25, ""rsi_os_level"": 25, ""rsi_ob_level"": 70, ""rsi_mid_low"": 40, ""rsi_mid_high"": 60, ""macd_fast"": 8, ""macd_slow"": 21, ""macd_signal"": 9, ""bb_len"": 20, ""bb_std"": 1.5, ""stoch_k"": 7, ""stoch_d"": 3, ""stoch_ob"": 75, ""stoch_os"": 20, ""atr_len"": 14, ""adx_len"": 14, ""adx_min"": 25, ""sl_atr"": 1.5, ""tp_atr"": 2.0, ""hold_bars"": 3}"
trend_adx,-83.68,416.32,17.0,44.21,380,168,212,"{""ema_fast"": 5, ""ema_slow"": 21, ""rsi_len"": 14, ""rsi_buy"": 50, ""rsi_sell"": 50, ""rsi_ob"": 70, ""rsi_os"": 25, ""rsi_os_level"": 25, ""rsi_ob_level"": 70, ""rsi_mid_low"": 40, ""rsi_mid_high"": 60, ""macd_fast"": 8, ""macd_slow"": 21, ""macd_signal"": 9, ""bb_len"": 20, ""bb_std"": 1.5, ""stoch_k"": 7, ""stoch_d"": 3, ""stoch_ob"": 75, ""stoch_os"": 20, ""atr_len"": 14, ""adx_len"": 14, ""adx_min"": 25, ""sl_atr"": 1.5, ""tp_atr"": 2.0, ""hold_bars"": 3}"
trend_adx,-83.68,416.32,17.0,44.21,380,168,212,"{""ema_fast"": 5, ""ema_slow"": 21, ""rsi_len"": 14, ""rsi_buy"": 50, ""rsi_sell"": 55, ""rsi_ob"": 70, ""rsi_os"": 25, ""rsi_os_level"": 25, ""rsi_ob_level"": 70, ""rsi_mid_low"": 40, ""rsi_mid_high"": 60, ""macd_fast"": 8, ""macd_slow"": 21, ""macd_signal"": 9, ""bb_len"": 20, ""bb_std"": 1.5, ""stoch_k"": 7, ""stoch_d"": 3, ""stoch_ob"": 75, ""stoch_os"": 20, ""atr_len"": 14, ""adx_len"": 14, ""adx_min"": 25, ""sl_atr"": 1.5, ""tp_atr"": 2.0, ""hold_bars"": 3}"
ema_rsi,-84.43,415.57,18.64,47.02,1697,798,899,"{""ema_fast"": 5, ""ema_slow"": 34, ""rsi_len"": 7, ""rsi_buy"": 50, ""rsi_sell"": 55, ""rsi_ob"": 70, ""rsi_os"": 25, ""rsi_os_level"": 25, ""rsi_ob_level"": 70, ""rsi_mid_low"": 40, ""rsi_mid_high"": 60, ""macd_fast"": 8, ""macd_slow"": 26, ""macd_signal"": 9, ""bb_len"": 14, ""bb_std"": 1.5, ""stoch_k"": 14, ""stoch_d"": 3, ""stoch_ob"": 75, ""stoch_os"": 20, ""atr_len"": 14, ""adx_len"": 14, ""adx_min"": 18, ""sl_atr"": 1.2, ""tp_atr"": 2.0, ""hold_bars"": 3}"
ema_rsi,-84.76,415.24,18.19,46.95,1704,800,904,"{""ema_fast"": 5, ""ema_slow"": 34, ""rsi_len"": 7, ""rsi_buy"": 45, ""rsi_sell"": 50, ""rsi_ob"": 70, ""rsi_os"": 25, ""rsi_os_level"": 25, ""rsi_ob_level"": 70, ""rsi_mid_low"": 40, ""rsi_mid_high"": 60, ""macd_fast"": 8, ""macd_slow"": 26, ""macd_signal"": 9, ""bb_len"": 14, ""bb_std"": 1.5, ""stoch_k"": 14, ""stoch_d"": 3, ""stoch_ob"": 75, ""stoch_os"": 20, ""atr_len"": 14, ""adx_len"": 14, ""adx_min"": 18, ""sl_atr"": 1.2, ""tp_atr"": 2.0, ""hold_bars"": 3}"
ema_rsi,-85.75,414.25,18.39,46.88,1653,775,878,"{""ema_fast"": 5, ""ema_slow"": 34, ""rsi_len"": 7, ""rsi_buy"": 50, ""rsi_sell"": 50, ""rsi_ob"": 70, ""rsi_os"": 25, ""rsi_os_level"": 25, ""rsi_ob_level"": 70, ""rsi_mid_low"": 40, ""rsi_mid_high"": 60, ""macd_fast"": 8, ""macd_slow"": 26, ""macd_signal"": 9, ""bb_len"": 14, ""bb_std"": 1.5, ""stoch_k"": 14, ""stoch_d"": 3, ""stoch_ob"": 75, ""stoch_os"": 20, ""atr_len"": 14, ""adx_len"": 14, ""adx_min"": 18, ""sl_atr"": 1.2, ""tp_atr"": 2.0, ""hold_bars"": 3}"
ema_rsi,-90.41,409.59,19.26,47.09,1892,891,1001,"{""ema_fast"": 5, ""ema_slow"": 55, ""rsi_len"": 14, ""rsi_buy"": 45, ""rsi_sell"": 55, ""rsi_ob"": 70, ""rsi_os"": 25, ""rsi_os_level"": 25, ""rsi_ob_level"": 70, ""rsi_mid_low"": 40, ""rsi_mid_high"": 60, ""macd_fast"": 12, ""macd_slow"": 26, ""macd_signal"": 9, ""bb_len"": 20, ""bb_std"": 2.0, ""stoch_k"": 14, ""stoch_d"": 3, ""stoch_ob"": 75, ""stoch_os"": 20, ""atr_len"": 14, ""adx_len"": 14, ""adx_min"": 25, ""sl_atr"": 1.2, ""tp_atr"": 2.0, ""hold_bars"": 3}"
ema_rsi,-92.65,407.35,20.5,46.77,1766,826,940,"{""ema_fast"": 5, ""ema_slow"": 21, ""rsi_len"": 7, ""rsi_buy"": 45, ""rsi_sell"": 55, ""rsi_ob"": 70, ""rsi_os"": 25, ""rsi_os_level"": 25, ""rsi_ob_level"": 70, ""rsi_mid_low"": 40, ""rsi_mid_high"": 60, ""macd_fast"": 8, ""macd_slow"": 21, ""macd_signal"": 5, ""bb_len"": 14, ""bb_std"": 1.5, ""stoch_k"": 7, ""stoch_d"": 3, ""stoch_ob"": 75, ""stoch_os"": 20, ""atr_len"": 10, ""adx_len"": 14, ""adx_min"": 18, ""sl_atr"": 1.2, ""tp_atr"": 2.0, ""hold_bars"": 3}"
trend_adx,-95.96,404.04,19.45,38.39,409,157,252,"{""ema_fast"": 5, ""ema_slow"": 21, ""rsi_len"": 14, ""rsi_buy"": 45, ""rsi_sell"": 50, ""rsi_ob"": 70, ""rsi_os"": 25, ""rsi_os_level"": 25, ""rsi_ob_level"": 70, ""rsi_mid_low"": 40, ""rsi_mid_high"": 60, ""macd_fast"": 8, ""macd_slow"": 21, ""macd_signal"": 9, ""bb_len"": 20, ""bb_std"": 1.5, ""stoch_k"": 7, ""stoch_d"": 3, ""stoch_ob"": 75, ""stoch_os"": 20, ""atr_len"": 14, ""adx_len"": 14, ""adx_min"": 25, ""sl_atr"": 1.2, ""tp_atr"": 2.0, ""hold_bars"": 3}"
trend_adx,-95.96,404.04,19.45,38.39,409,157,252,"{""ema_fast"": 5, ""ema_slow"": 21, ""rsi_len"": 14, ""rsi_buy"": 45, ""rsi_sell"": 55, ""rsi_ob"": 70, ""rsi_os"": 25, ""rsi_os_level"": 25, ""rsi_ob_level"": 70, ""rsi_mid_low"": 40, ""rsi_mid_high"": 60, ""macd_fast"": 8, ""macd_slow"": 21, ""macd_signal"": 9, ""bb_len"": 20, ""bb_std"": 1.5, ""stoch_k"": 7, ""stoch_d"": 3, ""stoch_ob"": 75, ""stoch_os"": 20, ""atr_len"": 14, ""adx_len"": 14, ""adx_min"": 25, ""sl_atr"": 1.2, ""tp_atr"": 2.0, ""hold_bars"": 3}"
trend_adx,-95.96,404.04,19.45,38.39,409,157,252,"{""ema_fast"": 5, ""ema_slow"": 21, ""rsi_len"": 14, ""rsi_buy"": 50, ""rsi_sell"": 50, ""rsi_ob"": 70, ""rsi_os"": 25, ""rsi_os_level"": 25, ""rsi_ob_level"": 70, ""rsi_mid_low"": 40, ""rsi_mid_high"": 60, ""macd_fast"": 8, ""macd_slow"": 21, ""macd_signal"": 9, ""bb_len"": 20, ""bb_std"": 1.5, ""stoch_k"": 7, ""stoch_d"": 3, ""stoch_ob"": 75, ""stoch_os"": 20, ""atr_len"": 14, ""adx_len"": 14, ""adx_min"": 25, ""sl_atr"": 1.2, ""tp_atr"": 2.0, ""hold_bars"": 3}"
trend_adx,-95.96,404.04,19.45,38.39,409,157,252,"{""ema_fast"": 5, ""ema_slow"": 21, ""rsi_len"": 14, ""rsi_buy"": 50, ""rsi_sell"": 55, ""rsi_ob"": 70, ""rsi_os"": 25, ""rsi_os_level"": 25, ""rsi_ob_level"": 70, ""rsi_mid_low"": 40, ""rsi_mid_high"": 60, ""macd_fast"": 8, ""macd_slow"": 21, ""macd_signal"": 9, ""bb_len"": 20, ""bb_std"": 1.5, ""stoch_k"": 7, ""stoch_d"": 3, ""stoch_ob"": 75, ""stoch_os"": 20, ""atr_len"": 14, ""adx_len"": 14, ""adx_min"": 25, ""sl_atr"": 1.2, ""tp_atr"": 2.0, ""hold_bars"": 3}"
ema_rsi,-100.48,399.52,22.27,46.52,1739,809,930,"{""ema_fast"": 5, ""ema_slow"": 21, ""rsi_len"": 7, ""rsi_buy"": 50, ""rsi_sell"": 55, ""rsi_ob"": 70, ""rsi_os"": 25, ""rsi_os_level"": 25, ""rsi_ob_level"": 70, ""rsi_mid_low"": 40, ""rsi_mid_high"": 60, ""macd_fast"": 8, ""macd_slow"": 21, ""macd_signal"": 5, ""bb_len"": 14, ""bb_std"": 1.5, ""stoch_k"": 7, ""stoch_d"": 3, ""stoch_ob"": 75, ""stoch_os"": 20, ""atr_len"": 10, ""adx_len"": 14, ""adx_min"": 18, ""sl_atr"": 1.2, ""tp_atr"": 2.0, ""hold_bars"": 3}"
ema_rsi,-103.52,396.48,20.73,50.75,1661,843,818,"{""ema_fast"": 8, ""ema_slow"": 21, ""rsi_len"": 14, ""rsi_buy"": 50, ""rsi_sell"": 55, ""rsi_ob"": 70, ""rsi_os"": 25, ""rsi_os_level"": 25, ""rsi_ob_level"": 70, ""rsi_mid_low"": 40, ""rsi_mid_high"": 60, ""macd_fast"": 8, ""macd_slow"": 21, ""macd_signal"": 9, ""bb_len"": 20, ""bb_std"": 1.5, ""stoch_k"": 7, ""stoch_d"": 3, ""stoch_ob"": 75, ""stoch_os"": 20, ""atr_len"": 14, ""adx_len"": 14, ""adx_min"": 18, ""sl_atr"": 1.5, ""tp_atr"": 2.0, ""hold_bars"": 3}"
ema_rsi,-103.73,396.27,22.73,46.43,1736,806,930,"{""ema_fast"": 5, ""ema_slow"": 21, ""rsi_len"": 7, ""rsi_buy"": 45, ""rsi_sell"": 50, ""rsi_ob"": 70, ""rsi_os"": 25, ""rsi_os_level"": 25, ""rsi_ob_level"": 70, ""rsi_mid_low"": 40, ""rsi_mid_high"": 60, ""macd_fast"": 8, ""macd_slow"": 21, ""macd_signal"": 5, ""bb_len"": 14, ""bb_std"": 1.5, ""stoch_k"": 7, ""stoch_d"": 3, ""stoch_ob"": 75, ""stoch_os"": 20, ""atr_len"": 10, ""adx_len"": 14, ""adx_min"": 18, ""sl_atr"": 1.2, ""tp_atr"": 2.0, ""hold_bars"": 3}"
ema_rsi,-103.82,396.18,22.98,46.42,1704,791,913,"{""ema_fast"": 5, ""ema_slow"": 21, ""rsi_len"": 7, ""rsi_buy"": 50, ""rsi_sell"": 50, ""rsi_ob"": 70, ""rsi_os"": 25, ""rsi_os_level"": 25, ""rsi_ob_level"": 70, ""rsi_mid_low"": 40, ""rsi_mid_high"": 60, ""macd_fast"": 8, ""macd_slow"": 21, ""macd_signal"": 5, ""bb_len"": 14, ""bb_std"": 1.5, ""stoch_k"": 7, ""stoch_d"": 3, ""stoch_ob"": 75, ""stoch_os"": 20, ""atr_len"": 10, ""adx_len"": 14, ""adx_min"": 18, ""sl_atr"": 1.2, ""tp_atr"": 2.0, ""hold_bars"": 3}"
ema_rsi,-107.43,392.57,21.85,46.48,1863,866,997,"{""ema_fast"": 5, ""ema_slow"": 34, ""rsi_len"": 14, ""rsi_buy"": 50, ""rsi_sell"": 50, ""rsi_ob"": 70, ""rsi_os"": 25, ""rsi_os_level"": 25, ""rsi_ob_level"": 70, ""rsi_mid_low"": 40, ""rsi_mid_high"": 60, ""macd_fast"": 12, ""macd_slow"": 21, ""macd_signal"": 5, ""bb_len"": 20, ""bb_std"": 2.0, ""stoch_k"": 7, ""stoch_d"": 3, ""stoch_ob"": 75, ""stoch_os"": 20, ""atr_len"": 10, ""adx_len"": 14, ""adx_min"": 25, ""sl_atr"": 1.2, ""tp_atr"": 2.0, ""hold_bars"": 3}"
ema_rsi,-112.86,387.14,22.63,46.29,1888,874,1014,"{""ema_fast"": 5, ""ema_slow"": 34, ""rsi_len"": 14, ""rsi_buy"": 45, ""rsi_sell"": 50, ""rsi_ob"": 70, ""rsi_os"": 25, ""rsi_os_level"": 25, ""rsi_ob_level"": 70, ""rsi_mid_low"": 40, ""rsi_mid_high"": 60, ""macd_fast"": 12, ""macd_slow"": 21, ""macd_signal"": 5, ""bb_len"": 20, ""bb_std"": 2.0, ""stoch_k"": 7, ""stoch_d"": 3, ""stoch_ob"": 75, ""stoch_os"": 20, ""atr_len"": 10, ""adx_len"": 14, ""adx_min"": 25, ""sl_atr"": 1.2, ""tp_atr"": 2.0, ""hold_bars"": 3}"
trend_adx,-114.26,385.74,22.86,45.74,634,290,344,"{""ema_fast"": 8, ""ema_slow"": 21, ""rsi_len"": 14, ""rsi_buy"": 45, ""rsi_sell"": 50, ""rsi_ob"": 70, ""rsi_os"": 25, ""rsi_os_level"": 25, ""rsi_ob_level"": 70, ""rsi_mid_low"": 40, ""rsi_mid_high"": 60, ""macd_fast"": 8, ""macd_slow"": 21, ""macd_signal"": 9, ""bb_len"": 20, ""bb_std"": 1.5, ""stoch_k"": 7, ""stoch_d"": 3, ""stoch_ob"": 75, ""stoch_os"": 20, ""atr_len"": 14, ""adx_len"": 14, ""adx_min"": 18, ""sl_atr"": 1.5, ""tp_atr"": 2.0, ""hold_bars"": 3}"
trend_adx,-114.26,385.74,22.86,45.74,634,290,344,"{""ema_fast"": 8, ""ema_slow"": 21, ""rsi_len"": 14, ""rsi_buy"": 45, ""rsi_sell"": 55, ""rsi_ob"": 70, ""rsi_os"": 25, ""rsi_os_level"": 25, ""rsi_ob_level"": 70, ""rsi_mid_low"": 40, ""rsi_mid_high"": 60, ""macd_fast"": 8, ""macd_slow"": 21, ""macd_signal"": 9, ""bb_len"": 20, ""bb_std"": 1.5, ""stoch_k"": 7, ""stoch_d"": 3, ""stoch_ob"": 75, ""stoch_os"": 20, ""atr_len"": 14, ""adx_len"": 14, ""adx_min"": 18, ""sl_atr"": 1.5, ""tp_atr"": 2.0, ""hold_bars"": 3}"
trend_adx,-114.26,385.74,22.86,45.74,634,290,344,"{""ema_fast"": 8, ""ema_slow"": 21, ""rsi_len"": 14, ""rsi_buy"": 50, ""rsi_sell"": 50, ""rsi_ob"": 70, ""rsi_os"": 25, ""rsi_os_level"": 25, ""rsi_ob_level"": 70, ""rsi_mid_low"": 40, ""rsi_mid_high"": 60, ""macd_fast"": 8, ""macd_slow"": 21, ""macd_signal"": 9, ""bb_len"": 20, ""bb_std"": 1.5, ""stoch_k"": 7, ""stoch_d"": 3, ""stoch_ob"": 75, ""stoch_os"": 20, ""atr_len"": 14, ""adx_len"": 14, ""adx_min"": 18, ""sl_atr"": 1.5, ""tp_atr"": 2.0, ""hold_bars"": 3}"
trend_adx,-114.26,385.74,22.86,45.74,634,290,344,"{""ema_fast"": 8, ""ema_slow"": 21, ""rsi_len"": 14, ""rsi_buy"": 50, ""rsi_sell"": 55, ""rsi_ob"": 70, ""rsi_os"": 25, ""rsi_os_level"": 25, ""rsi_ob_level"": 70, ""rsi_mid_low"": 40, ""rsi_mid_high"": 60, ""macd_fast"": 8, ""macd_slow"": 21, ""macd_signal"": 9, ""bb_len"": 20, ""bb_std"": 1.5, ""stoch_k"": 7, ""stoch_d"": 3, ""stoch_ob"": 75, ""stoch_os"": 20, ""atr_len"": 14, ""adx_len"": 14, ""adx_min"": 18, ""sl_atr"": 1.5, ""tp_atr"": 2.0, ""hold_bars"": 3}"
ema_rsi,-124.95,375.05,25.13,46.15,1870,863,1007,"{""ema_fast"": 8, ""ema_slow"": 21, ""rsi_len"": 14, ""rsi_buy"": 50, ""rsi_sell"": 50, ""rsi_ob"": 70, ""rsi_os"": 25, ""rsi_os_level"": 25, ""rsi_ob_level"": 70, ""rsi_mid_low"": 40, ""rsi_mid_high"": 60, ""macd_fast"": 8, ""macd_slow"": 21, ""macd_signal"": 9, ""bb_len"": 20, ""bb_std"": 1.5, ""stoch_k"": 7, ""stoch_d"": 3, ""stoch_ob"": 75, ""stoch_os"": 20, ""atr_len"": 14, ""adx_len"": 14, ""adx_min"": 18, ""sl_atr"": 1.2, ""tp_atr"": 2.0, ""hold_bars"": 3}"
ema_rsi,-128.66,371.34,26.41,45.92,1875,861,1014,"{""ema_fast"": 5, ""ema_slow"": 34, ""rsi_len"": 14, ""rsi_buy"": 50, ""rsi_sell"": 55, ""rsi_ob"": 70, ""rsi_os"": 25, ""rsi_os_level"": 25, ""rsi_ob_level"": 70, ""rsi_mid_low"": 40, ""rsi_mid_high"": 60, ""macd_fast"": 12, ""macd_slow"": 21, ""macd_signal"": 5, ""bb_len"": 20, ""bb_std"": 2.0, ""stoch_k"": 7, ""stoch_d"": 3, ""stoch_ob"": 75, ""stoch_os"": 20, ""atr_len"": 10, ""adx_len"": 14, ""adx_min"": 25, ""sl_atr"": 1.2, ""tp_atr"": 2.0, ""hold_bars"": 3}"
ema_rsi,-128.88,371.12,25.96,45.91,1908,876,1032,"{""ema_fast"": 5, ""ema_slow"": 34, ""rsi_len"": 14, ""rsi_buy"": 45, ""rsi_sell"": 55, ""rsi_ob"": 70, ""rsi_os"": 25, ""rsi_os_level"": 25, ""rsi_ob_level"": 70, ""rsi_mid_low"": 40, ""rsi_mid_high"": 60, ""macd_fast"": 12, ""macd_slow"": 21, ""macd_signal"": 5, ""bb_len"": 20, ""bb_std"": 2.0, ""stoch_k"": 7, ""stoch_d"": 3, ""stoch_ob"": 75, ""stoch_os"": 20, ""atr_len"": 10, ""adx_len"": 14, ""adx_min"": 25, ""sl_atr"": 1.2, ""tp_atr"": 2.0, ""hold_bars"": 3}"
ema_rsi,-145.44,354.56,29.22,45.66,1879,858,1021,"{""ema_fast"": 5, ""ema_slow"": 21, ""rsi_len"": 14, ""rsi_buy"": 50, ""rsi_sell"": 50, ""rsi_ob"": 70, ""rsi_os"": 25, ""rsi_os_level"": 25, ""rsi_ob_level"": 70, ""rsi_mid_low"": 40, ""rsi_mid_high"": 60, ""macd_fast"": 8, ""macd_slow"": 21, ""macd_signal"": 9, ""bb_len"": 20, ""bb_std"": 1.5, ""stoch_k"": 7, ""stoch_d"": 3, ""stoch_ob"": 75, ""stoch_os"": 20, ""atr_len"": 14, ""adx_len"": 14, ""adx_min"": 25, ""sl_atr"": 1.2, ""tp_atr"": 2.0, ""hold_bars"": 3}"
ema_rsi,-149.66,350.34,30.07,45.55,1910,870,1040,"{""ema_fast"": 8, ""ema_slow"": 21, ""rsi_len"": 14, ""rsi_buy"": 45, ""rsi_sell"": 50, ""rsi_ob"": 70, ""rsi_os"": 25, ""rsi_os_level"": 25, ""rsi_ob_level"": 70, ""rsi_mid_low"": 40, ""rsi_mid_high"": 60, ""macd_fast"": 8, ""macd_slow"": 21, ""macd_signal"": 9, ""bb_len"": 20, ""bb_std"": 1.5, ""stoch_k"": 7, ""stoch_d"": 3, ""stoch_ob"": 75, ""stoch_os"": 20, ""atr_len"": 14, ""adx_len"": 14, ""adx_min"": 18, ""sl_atr"": 1.2, ""tp_atr"": 2.0, ""hold_bars"": 3}"
trend_adx,-150.1,349.9,30.02,39.09,706,276,430,"{""ema_fast"": 8, ""ema_slow"": 21, ""rsi_len"": 14, ""rsi_buy"": 45, ""rsi_sell"": 50, ""rsi_ob"": 70, ""rsi_os"": 25, ""rsi_os_level"": 25, ""rsi_ob_level"": 70, ""rsi_mid_low"": 40, ""rsi_mid_high"": 60, ""macd_fast"": 8, ""macd_slow"": 21, ""macd_signal"": 9, ""bb_len"": 20, ""bb_std"": 1.5, ""stoch_k"": 7, ""stoch_d"": 3, ""stoch_ob"": 75, ""stoch_os"": 20, ""atr_len"": 14, ""adx_len"": 14, ""adx_min"": 18, ""sl_atr"": 1.2, ""tp_atr"": 2.0, ""hold_bars"": 3}"
trend_adx,-150.1,349.9,30.02,39.09,706,276,430,"{""ema_fast"": 8, ""ema_slow"": 21, ""rsi_len"": 14, ""rsi_buy"": 45, ""rsi_sell"": 55, ""rsi_ob"": 70, ""rsi_os"": 25, ""rsi_os_level"": 25, ""rsi_ob_level"": 70, ""rsi_mid_low"": 40, ""rsi_mid_high"": 60, ""macd_fast"": 8, ""macd_slow"": 21, ""macd_signal"": 9, ""bb_len"": 20, ""bb_std"": 1.5, ""stoch_k"": 7, ""stoch_d"": 3, ""stoch_ob"": 75, ""stoch_os"": 20, ""atr_len"": 14, ""adx_len"": 14, ""adx_min"": 18, ""sl_atr"": 1.2, ""tp_atr"": 2.0, ""hold_bars"": 3}"
trend_adx,-150.1,349.9,30.02,39.09,706,276,430,"{""ema_fast"": 8, ""ema_slow"": 21, ""rsi_len"": 14, ""rsi_buy"": 50, ""rsi_sell"": 50, ""rsi_ob"": 70, ""rsi_os"": 25, ""rsi_os_level"": 25, ""rsi_ob_level"": 70, ""rsi_mid_low"": 40, ""rsi_mid_high"": 60, ""macd_fast"": 8, ""macd_slow"": 21, ""macd_signal"": 9, ""bb_len"": 20, ""bb_std"": 1.5, ""stoch_k"": 7, ""stoch_d"": 3, ""stoch_ob"": 75, ""stoch_os"": 20, ""atr_len"": 14, ""adx_len"": 14, ""adx_min"": 18, ""sl_atr"": 1.2, ""tp_atr"": 2.0, ""hold_bars"": 3}"
trend_adx,-150.1,349.9,30.02,39.09,706,276,430,"{""ema_fast"": 8, ""ema_slow"": 21, ""rsi_len"": 14, ""rsi_buy"": 50, ""rsi_sell"": 55, ""rsi_ob"": 70, ""rsi_os"": 25, ""rsi_os_level"": 25, ""rsi_ob_level"": 70, ""rsi_mid_low"": 40, ""rsi_mid_high"": 60, ""macd_fast"": 8, ""macd_slow"": 21, ""macd_signal"": 9, ""bb_len"": 20, ""bb_std"": 1.5, ""stoch_k"": 7, ""stoch_d"": 3, ""stoch_ob"": 75, ""stoch_os"": 20, ""atr_len"": 14, ""adx_len"": 14, ""adx_min"": 18, ""sl_atr"": 1.2, ""tp_atr"": 2.0, ""hold_bars"": 3}"
ema_rsi,-160.78,339.22,32.62,45.28,1917,868,1049,"{""ema_fast"": 5, ""ema_slow"": 21, ""rsi_len"": 14, ""rsi_buy"": 45, ""rsi_sell"": 50, ""rsi_ob"": 70, ""rsi_os"": 25, ""rsi_os_level"": 25, ""rsi_ob_level"": 70, ""rsi_mid_low"": 40, ""rsi_mid_high"": 60, ""macd_fast"": 8, ""macd_slow"": 21, ""macd_signal"": 9, ""bb_len"": 20, ""bb_std"": 1.5, ""stoch_k"": 7, ""stoch_d"": 3, ""stoch_ob"": 75, ""stoch_os"": 20, ""atr_len"": 14, ""adx_len"": 14, ""adx_min"": 25, ""sl_atr"": 1.2, ""tp_atr"": 2.0, ""hold_bars"": 3}"
ema_rsi,-176.99,323.01,35.44,44.88,1914,859,1055,"{""ema_fast"": 5, ""ema_slow"": 21, ""rsi_len"": 14, ""rsi_buy"": 50, ""rsi_sell"": 55, ""rsi_ob"": 70, ""rsi_os"": 25, ""rsi_os_level"": 25, ""rsi_ob_level"": 70, ""rsi_mid_low"": 40, ""rsi_mid_high"": 60, ""macd_fast"": 8, ""macd_slow"": 21, ""macd_signal"": 9, ""bb_len"": 20, ""bb_std"": 1.5, ""stoch_k"": 7, ""stoch_d"": 3, ""stoch_ob"": 75, ""stoch_os"": 20, ""atr_len"": 14, ""adx_len"": 14, ""adx_min"": 25, ""sl_atr"": 1.2, ""tp_atr"": 2.0, ""hold_bars"": 3}"
ema_rsi,-177.05,322.95,35.87,45.06,1953,880,1073,"{""ema_fast"": 5, ""ema_slow"": 21, ""rsi_len"": 14, ""rsi_buy"": 45, ""rsi_sell"": 55, ""rsi_ob"": 70, ""rsi_os"": 25, ""rsi_os_level"": 25, ""rsi_ob_level"": 70, ""rsi_mid_low"": 40, ""rsi_mid_high"": 60, ""macd_fast"": 8, ""macd_slow"": 21, ""macd_signal"": 9, ""bb_len"": 20, ""bb_std"": 1.5, ""stoch_k"": 7, ""stoch_d"": 3, ""stoch_ob"": 75, ""stoch_os"": 20, ""atr_len"": 14, ""adx_len"": 14, ""adx_min"": 25, ""sl_atr"": 1.2, ""tp_atr"": 2.0, ""hold_bars"": 3}"
ema_rsi,-184.77,315.23,37.08,44.71,1939,867,1072,"{""ema_fast"": 8, ""ema_slow"": 21, ""rsi_len"": 14, ""rsi_buy"": 45, ""rsi_sell"": 55, ""rsi_ob"": 70, ""rsi_os"": 25, ""rsi_os_level"": 25, ""rsi_ob_level"": 70, ""rsi_mid_low"": 40, ""rsi_mid_high"": 60, ""macd_fast"": 8, ""macd_slow"": 21, ""macd_signal"": 9, ""bb_len"": 20, ""bb_std"": 1.5, ""stoch_k"": 7, ""stoch_d"": 3, ""stoch_ob"": 75, ""stoch_os"": 20, ""atr_len"": 14, ""adx_len"": 14, ""adx_min"": 18, ""sl_atr"": 1.2, ""tp_atr"": 2.0, ""hold_bars"": 3}"
ema_rsi,-187.71,312.29,37.58,44.49,1895,843,1052,"{""ema_fast"": 8, ""ema_slow"": 21, ""rsi_len"": 14, ""rsi_buy"": 50, ""rsi_sell"": 55, ""rsi_ob"": 70, ""rsi_os"": 25, ""rsi_os_level"": 25, ""rsi_ob_level"": 70, ""rsi_mid_low"": 40, ""rsi_mid_high"": 60, ""macd_fast"": 8, ""macd_slow"": 21, ""macd_signal"": 9, ""bb_len"": 20, ""bb_std"": 1.5, ""stoch_k"": 7, ""stoch_d"": 3, ""stoch_ob"": 75, ""stoch_os"": 20, ""atr_len"": 14, ""adx_len"": 14, ""adx_min"": 18, ""sl_atr"": 1.2, ""tp_atr"": 2.0, ""hold_bars"": 3}"
macd_stoch,-271.75,228.25,55.09,20.48,454,93,361,"{""ema_fast"": 5, ""ema_slow"": 21, ""rsi_len"": 14, ""rsi_buy"": 45, ""rsi_sell"": 50, ""rsi_ob"": 70, ""rsi_os"": 25, ""rsi_os_level"": 25, ""rsi_ob_level"": 70, ""rsi_mid_low"": 40, ""rsi_mid_high"": 60, ""macd_fast"": 8, ""macd_slow"": 21, ""macd_signal"": 9, ""bb_len"": 20, ""bb_std"": 1.5, ""stoch_k"": 7, ""stoch_d"": 3, ""stoch_ob"": 75, ""stoch_os"": 20, ""atr_len"": 14, ""adx_len"": 14, ""adx_min"": 25, ""sl_atr"": 1.2, ""tp_atr"": 2.0, ""hold_bars"": 3}"
macd_stoch,-271.75,228.25,55.09,20.48,454,93,361,"{""ema_fast"": 5, ""ema_slow"": 21, ""rsi_len"": 14, ""rsi_buy"": 45, ""rsi_sell"": 55, ""rsi_ob"": 70, ""rsi_os"": 25, ""rsi_os_level"": 25, ""rsi_ob_level"": 70, ""rsi_mid_low"": 40, ""rsi_mid_high"": 60, ""macd_fast"": 8, ""macd_slow"": 21, ""macd_signal"": 9, ""bb_len"": 20, ""bb_std"": 1.5, ""stoch_k"": 7, ""stoch_d"": 3, ""stoch_ob"": 75, ""stoch_os"": 20, ""atr_len"": 14, ""adx_len"": 14, ""adx_min"": 25, ""sl_atr"": 1.2, ""tp_atr"": 2.0, ""hold_bars"": 3}"
macd_stoch,-271.75,228.25,55.09,20.48,454,93,361,"{""ema_fast"": 5, ""ema_slow"": 21, ""rsi_len"": 14, ""rsi_buy"": 50, ""rsi_sell"": 50, ""rsi_ob"": 70, ""rsi_os"": 25, ""rsi_os_level"": 25, ""rsi_ob_level"": 70, ""rsi_mid_low"": 40, ""rsi_mid_high"": 60, ""macd_fast"": 8, ""macd_slow"": 21, ""macd_signal"": 9, ""bb_len"": 20, ""bb_std"": 1.5, ""stoch_k"": 7, ""stoch_d"": 3, ""stoch_ob"": 75, ""stoch_os"": 20, ""atr_len"": 14, ""adx_len"": 14, ""adx_min"": 25, ""sl_atr"": 1.2, ""tp_atr"": 2.0, ""hold_bars"": 3}"
macd_stoch,-271.75,228.25,55.09,20.48,454,93,361,"{""ema_fast"": 5, ""ema_slow"": 21, ""rsi_len"": 14, ""rsi_buy"": 50, ""rsi_sell"": 55, ""rsi_ob"": 70, ""rsi_os"": 25, ""rsi_os_level"": 25, ""rsi_ob_level"": 70, ""rsi_mid_low"": 40, ""rsi_mid_high"": 60, ""macd_fast"": 8, ""macd_slow"": 21, ""macd_signal"": 9, ""bb_len"": 20, ""bb_std"": 1.5, ""stoch_k"": 7, ""stoch_d"": 3, ""stoch_ob"": 75, ""stoch_os"": 20, ""atr_len"": 14, ""adx_len"": 14, ""adx_min"": 25, ""sl_atr"": 1.2, ""tp_atr"": 2.0, ""hold_bars"": 3}"
macd_stoch,-271.75,228.25,55.09,20.48,454,93,361,"{""ema_fast"": 8, ""ema_slow"": 21, ""rsi_len"": 14, ""rsi_buy"": 45, ""rsi_sell"": 50, ""rsi_ob"": 70, ""rsi_os"": 25, ""rsi_os_level"": 25, ""rsi_ob_level"": 70, ""rsi_mid_low"": 40, ""rsi_mid_high"": 60, ""macd_fast"": 8, ""macd_slow"": 21, ""macd_signal"": 9, ""bb_len"": 20, ""bb_std"": 1.5, ""stoch_k"": 7, ""stoch_d"": 3, ""stoch_ob"": 75, ""stoch_os"": 20, ""atr_len"": 14, ""adx_len"": 14, ""adx_min"": 18, ""sl_atr"": 1.2, ""tp_atr"": 2.0, ""hold_bars"": 3}"
macd_stoch,-271.75,228.25,55.09,20.48,454,93,361,"{""ema_fast"": 8, ""ema_slow"": 21, ""rsi_len"": 14, ""rsi_buy"": 45, ""rsi_sell"": 55, ""rsi_ob"": 70, ""rsi_os"": 25, ""rsi_os_level"": 25, ""rsi_ob_level"": 70, ""rsi_mid_low"": 40, ""rsi_mid_high"": 60, ""macd_fast"": 8, ""macd_slow"": 21, ""macd_signal"": 9, ""bb_len"": 20, ""bb_std"": 1.5, ""stoch_k"": 7, ""stoch_d"": 3, ""stoch_ob"": 75, ""stoch_os"": 20, ""atr_len"": 14, ""adx_len"": 14, ""adx_min"": 18, ""sl_atr"": 1.2, ""tp_atr"": 2.0, ""hold_bars"": 3}"
macd_stoch,-271.75,228.25,55.09,20.48,454,93,361,"{""ema_fast"": 8, ""ema_slow"": 21, ""rsi_len"": 14, ""rsi_buy"": 50, ""rsi_sell"": 50, ""rsi_ob"": 70, ""rsi_os"": 25, ""rsi_os_level"": 25, ""rsi_ob_level"": 70, ""rsi_mid_low"": 40, ""rsi_mid_high"": 60, ""macd_fast"": 8, ""macd_slow"": 21, ""macd_signal"": 9, ""bb_len"": 20, ""bb_std"": 1.5, ""stoch_k"": 7, ""stoch_d"": 3, ""stoch_ob"": 75, ""stoch_os"": 20, ""atr_len"": 14, ""adx_len"": 14, ""adx_min"": 18, ""sl_atr"": 1.2, ""tp_atr"": 2.0, ""hold_bars"": 3}"
macd_stoch,-271.75,228.25,55.09,20.48,454,93,361,"{""ema_fast"": 8, ""ema_slow"": 21, ""rsi_len"": 14, ""rsi_buy"": 50, ""rsi_sell"": 55, ""rsi_ob"": 70, ""rsi_os"": 25, ""rsi_os_level"": 25, ""rsi_ob_level"": 70, ""rsi_mid_low"": 40, ""rsi_mid_high"": 60, ""macd_fast"": 8, ""macd_slow"": 21, ""macd_signal"": 9, ""bb_len"": 20, ""bb_std"": 1.5, ""stoch_k"": 7, ""stoch_d"": 3, ""stoch_ob"": 75, ""stoch_os"": 20, ""atr_len"": 14, ""adx_len"": 14, ""adx_min"": 18, ""sl_atr"": 1.2, ""tp_atr"": 2.0, ""hold_bars"": 3}"
bb_rsi,-288.04,211.96,57.71,16.14,415,67,348,"{""ema_fast"": 5, ""ema_slow"": 55, ""rsi_len"": 14, ""rsi_buy"": 45, ""rsi_sell"": 50, ""rsi_ob"": 70, ""rsi_os"": 25, ""rsi_os_level"": 25, ""rsi_ob_level"": 70, ""rsi_mid_low"": 40, ""rsi_mid_high"": 60, ""macd_fast"": 12, ""macd_slow"": 26, ""macd_signal"": 9, ""bb_len"": 20, ""bb_std"": 2.0, ""stoch_k"": 14, ""stoch_d"": 3, ""stoch_ob"": 75, ""stoch_os"": 20, ""atr_len"": 14, ""adx_len"": 14, ""adx_min"": 25, ""sl_atr"": 1.2, ""tp_atr"": 2.0, ""hold_bars"": 3}"
bb_rsi,-288.04,211.96,57.71,16.14,415,67,348,"{""ema_fast"": 5, ""ema_slow"": 55, ""rsi_len"": 14, ""rsi_buy"": 45, ""rsi_sell"": 55, ""rsi_ob"": 70, ""rsi_os"": 25, ""rsi_os_level"": 25, ""rsi_ob_level"": 70, ""rsi_mid_low"": 40, ""rsi_mid_high"": 60, ""macd_fast"": 12, ""macd_slow"": 26, ""macd_signal"": 9, ""bb_len"": 20, ""bb_std"": 2.0, ""stoch_k"": 14, ""stoch_d"": 3, ""stoch_ob"": 75, ""stoch_os"": 20, ""atr_len"": 14, ""adx_len"": 14, ""adx_min"": 25, ""sl_atr"": 1.2, ""tp_atr"": 2.0, ""hold_bars"": 3}"
bb_rsi,-288.04,211.96,57.71,16.14,415,67,348,"{""ema_fast"": 5, ""ema_slow"": 55, ""rsi_len"": 14, ""rsi_buy"": 50, ""rsi_sell"": 50, ""rsi_ob"": 70, ""rsi_os"": 25, ""rsi_os_level"": 25, ""rsi_ob_level"": 70, ""rsi_mid_low"": 40, ""rsi_mid_high"": 60, ""macd_fast"": 12, ""macd_slow"": 26, ""macd_signal"": 9, ""bb_len"": 20, ""bb_std"": 2.0, ""stoch_k"": 14, ""stoch_d"": 3, ""stoch_ob"": 75, ""stoch_os"": 20, ""atr_len"": 14, ""adx_len"": 14, ""adx_min"": 25, ""sl_atr"": 1.2, ""tp_atr"": 2.0, ""hold_bars"": 3}"
bb_rsi,-288.04,211.96,57.71,16.14,415,67,348,"{""ema_fast"": 5, ""ema_slow"": 55, ""rsi_len"": 14, ""rsi_buy"": 50, ""rsi_sell"": 55, ""rsi_ob"": 70, ""rsi_os"": 25, ""rsi_os_level"": 25, ""rsi_ob_level"": 70, ""rsi_mid_low"": 40, ""rsi_mid_high"": 60, ""macd_fast"": 12, ""macd_slow"": 26, ""macd_signal"": 9, ""bb_len"": 20, ""bb_std"": 2.0, ""stoch_k"": 14, ""stoch_d"": 3, ""stoch_ob"": 75, ""stoch_os"": 20, ""atr_len"": 14, ""adx_len"": 14, ""adx_min"": 25, ""sl_atr"": 1.2, ""tp_atr"": 2.0, ""hold_bars"": 3}"
bb_rsi,-292.55,207.45,58.6,15.98,413,66,347,"{""ema_fast"": 5, ""ema_slow"": 34, ""rsi_len"": 14, ""rsi_buy"": 45, ""rsi_sell"": 50, ""rsi_ob"": 70, ""rsi_os"": 25, ""rsi_os_level"": 25, ""rsi_ob_level"": 70, ""rsi_mid_low"": 40, ""rsi_mid_high"": 60, ""macd_fast"": 12, ""macd_slow"": 21, ""macd_signal"": 5, ""bb_len"": 20, ""bb_std"": 2.0, ""stoch_k"": 7, ""stoch_d"": 3, ""stoch_ob"": 75, ""stoch_os"": 20, ""atr_len"": 10, ""adx_len"": 14, ""adx_min"": 25, ""sl_atr"": 1.2, ""tp_atr"": 2.0, ""hold_bars"": 3}"
bb_rsi,-292.55,207.45,58.6,15.98,413,66,347,"{""ema_fast"": 5, ""ema_slow"": 34, ""rsi_len"": 14, ""rsi_buy"": 45, ""rsi_sell"": 55, ""rsi_ob"": 70, ""rsi_os"": 25, ""rsi_os_level"": 25, ""rsi_ob_level"": 70, ""rsi_mid_low"": 40, ""rsi_mid_high"": 60, ""macd_fast"": 12, ""macd_slow"": 21, ""macd_signal"": 5, ""bb_len"": 20, ""bb_std"": 2.0, ""stoch_k"": 7, ""stoch_d"": 3, ""stoch_ob"": 75, ""stoch_os"": 20, ""atr_len"": 10, ""adx_len"": 14, ""adx_min"": 25, ""sl_atr"": 1.2, ""tp_atr"": 2.0, ""hold_bars"": 3}"
bb_rsi,-292.55,207.45,58.6,15.98,413,66,347,"{""ema_fast"": 5, ""ema_slow"": 34, ""rsi_len"": 14, ""rsi_buy"": 50, ""rsi_sell"": 50, ""rsi_ob"": 70, ""rsi_os"": 25, ""rsi_os_level"": 25, ""rsi_ob_level"": 70, ""rsi_mid_low"": 40, ""rsi_mid_high"": 60, ""macd_fast"": 12, ""macd_slow"": 21, ""macd_signal"": 5, ""bb_len"": 20, ""bb_std"": 2.0, ""stoch_k"": 7, ""stoch_d"": 3, ""stoch_ob"": 75, ""stoch_os"": 20, ""atr_len"": 10, ""adx_len"": 14, ""adx_min"": 25, ""sl_atr"": 1.2, ""tp_atr"": 2.0, ""hold_bars"": 3}"
bb_rsi,-292.55,207.45,58.6,15.98,413,66,347,"{""ema_fast"": 5, ""ema_slow"": 34, ""rsi_len"": 14, ""rsi_buy"": 50, ""rsi_sell"": 55, ""rsi_ob"": 70, ""rsi_os"": 25, ""rsi_os_level"": 25, ""rsi_ob_level"": 70, ""rsi_mid_low"": 40, ""rsi_mid_high"": 60, ""macd_fast"": 12, ""macd_slow"": 21, ""macd_signal"": 5, ""bb_len"": 20, ""bb_std"": 2.0, ""stoch_k"": 7, ""stoch_d"": 3, ""stoch_ob"": 75, ""stoch_os"": 20, ""atr_len"": 10, ""adx_len"": 14, ""adx_min"": 25, ""sl_atr"": 1.2, ""tp_atr"": 2.0, ""hold_bars"": 3}"
macd_stoch,-294.83,205.17,59.57,24.78,452,112,340,"{""ema_fast"": 5, ""ema_slow"": 21, ""rsi_len"": 14, ""rsi_buy"": 45, ""rsi_sell"": 50, ""rsi_ob"": 70, ""rsi_os"": 25, ""rsi_os_level"": 25, ""rsi_ob_level"": 70, ""rsi_mid_low"": 40, ""rsi_mid_high"": 60, ""macd_fast"": 8, ""macd_slow"": 21, ""macd_signal"": 9, ""bb_len"": 20, ""bb_std"": 1.5, ""stoch_k"": 7, ""stoch_d"": 3, ""stoch_ob"": 75, ""stoch_os"": 20, ""atr_len"": 14, ""adx_len"": 14, ""adx_min"": 25, ""sl_atr"": 1.5, ""tp_atr"": 2.0, ""hold_bars"": 3}"
macd_stoch,-294.83,205.17,59.57,24.78,452,112,340,"{""ema_fast"": 5, ""ema_slow"": 21, ""rsi_len"": 14, ""rsi_buy"": 45, ""rsi_sell"": 55, ""rsi_ob"": 70, ""rsi_os"": 25, ""rsi_os_level"": 25, ""rsi_ob_level"": 70, ""rsi_mid_low"": 40, ""rsi_mid_high"": 60, ""macd_fast"": 8, ""macd_slow"": 21, ""macd_signal"": 9, ""bb_len"": 20, ""bb_std"": 1.5, ""stoch_k"": 7, ""stoch_d"": 3, ""stoch_ob"": 75, ""stoch_os"": 20, ""atr_len"": 14, ""adx_len"": 14, ""adx_min"": 25, ""sl_atr"": 1.5, ""tp_atr"": 2.0, ""hold_bars"": 3}"
macd_stoch,-294.83,205.17,59.57,24.78,452,112,340,"{""ema_fast"": 5, ""ema_slow"": 21, ""rsi_len"": 14, ""rsi_buy"": 50, ""rsi_sell"": 50, ""rsi_ob"": 70, ""rsi_os"": 25, ""rsi_os_level"": 25, ""rsi_ob_level"": 70, ""rsi_mid_low"": 40, ""rsi_mid_high"": 60, ""macd_fast"": 8, ""macd_slow"": 21, ""macd_signal"": 9, ""bb_len"": 20, ""bb_std"": 1.5, ""stoch_k"": 7, ""stoch_d"": 3, ""stoch_ob"": 75, ""stoch_os"": 20, ""atr_len"": 14, ""adx_len"": 14, ""adx_min"": 25, ""sl_atr"": 1.5, ""tp_atr"": 2.0, ""hold_bars"": 3}"
macd_stoch,-294.83,205.17,59.57,24.78,452,112,340,"{""ema_fast"": 5, ""ema_slow"": 21, ""rsi_len"": 14, ""rsi_buy"": 50, ""rsi_sell"": 55, ""rsi_ob"": 70, ""rsi_os"": 25, ""rsi_os_level"": 25, ""rsi_ob_level"": 70, ""rsi_mid_low"": 40, ""rsi_mid_high"": 60, ""macd_fast"": 8, ""macd_slow"": 21, ""macd_signal"": 9, ""bb_len"": 20, ""bb_std"": 1.5, ""stoch_k"": 7, ""stoch_d"": 3, ""stoch_ob"": 75, ""stoch_os"": 20, ""atr_len"": 14, ""adx_len"": 14, ""adx_min"": 25, ""sl_atr"": 1.5, ""tp_atr"": 2.0, ""hold_bars"": 3}"
macd_stoch,-294.83,205.17,59.57,24.78,452,112,340,"{""ema_fast"": 8, ""ema_slow"": 21, ""rsi_len"": 14, ""rsi_buy"": 45, ""rsi_sell"": 50, ""rsi_ob"": 70, ""rsi_os"": 25, ""rsi_os_level"": 25, ""rsi_ob_level"": 70, ""rsi_mid_low"": 40, ""rsi_mid_high"": 60, ""macd_fast"": 8, ""macd_slow"": 21, ""macd_signal"": 9, ""bb_len"": 20, ""bb_std"": 1.5, ""stoch_k"": 7, ""stoch_d"": 3, ""stoch_ob"": 75, ""stoch_os"": 20, ""atr_len"": 14, ""adx_len"": 14, ""adx_min"": 18, ""sl_atr"": 1.5, ""tp_atr"": 2.0, ""hold_bars"": 3}"
macd_stoch,-294.83,205.17,59.57,24.78,452,112,340,"{""ema_fast"": 8, ""ema_slow"": 21, ""rsi_len"": 14, ""rsi_buy"": 45, ""rsi_sell"": 55, ""rsi_ob"": 70, ""rsi_os"": 25, ""rsi_os_level"": 25, ""rsi_ob_level"": 70, ""rsi_mid_low"": 40, ""rsi_mid_high"": 60, ""macd_fast"": 8, ""macd_slow"": 21, ""macd_signal"": 9, ""bb_len"": 20, ""bb_std"": 1.5, ""stoch_k"": 7, ""stoch_d"": 3, ""stoch_ob"": 75, ""stoch_os"": 20, ""atr_len"": 14, ""adx_len"": 14, ""adx_min"": 18, ""sl_atr"": 1.5, ""tp_atr"": 2.0, ""hold_bars"": 3}"
macd_stoch,-294.83,205.17,59.57,24.78,452,112,340,"{""ema_fast"": 8, ""ema_slow"": 21, ""rsi_len"": 14, ""rsi_buy"": 50, ""rsi_sell"": 50, ""rsi_ob"": 70, ""rsi_os"": 25, ""rsi_os_level"": 25, ""rsi_ob_level"": 70, ""rsi_mid_low"": 40, ""rsi_mid_high"": 60, ""macd_fast"": 8, ""macd_slow"": 21, ""macd_signal"": 9, ""bb_len"": 20, ""bb_std"": 1.5, ""stoch_k"": 7, ""stoch_d"": 3, ""stoch_ob"": 75, ""stoch_os"": 20, ""atr_len"": 14, ""adx_len"": 14, ""adx_min"": 18, ""sl_atr"": 1.5, ""tp_atr"": 2.0, ""hold_bars"": 3}"
macd_stoch,-294.83,205.17,59.57,24.78,452,112,340,"{""ema_fast"": 8, ""ema_slow"": 21, ""rsi_len"": 14, ""rsi_buy"": 50, ""rsi_sell"": 55, ""rsi_ob"": 70, ""rsi_os"": 25, ""rsi_os_level"": 25, ""rsi_ob_level"": 70, ""rsi_mid_low"": 40, ""rsi_mid_high"": 60, ""macd_fast"": 8, ""macd_slow"": 21, ""macd_signal"": 9, ""bb_len"": 20, ""bb_std"": 1.5, ""stoch_k"": 7, ""stoch_d"": 3, ""stoch_ob"": 75, ""stoch_os"": 20, ""atr_len"": 14, ""adx_len"": 14, ""adx_min"": 18, ""sl_atr"": 1.5, ""tp_atr"": 2.0, ""hold_bars"": 3}"
macd_stoch,-317.36,182.64,63.87,21.42,551,118,433,"{""ema_fast"": 5, ""ema_slow"": 55, ""rsi_len"": 14, ""rsi_buy"": 45, ""rsi_sell"": 50, ""rsi_ob"": 70, ""rsi_os"": 25, ""rsi_os_level"": 25, ""rsi_ob_level"": 70, ""rsi_mid_low"": 40, ""rsi_mid_high"": 60, ""macd_fast"": 12, ""macd_slow"": 26, ""macd_signal"": 9, ""bb_len"": 20, ""bb_std"": 2.0, ""stoch_k"": 14, ""stoch_d"": 3, ""stoch_ob"": 75, ""stoch_os"": 20, ""atr_len"": 14, ""adx_len"": 14, ""adx_min"": 25, ""sl_atr"": 1.2, ""tp_atr"": 2.0, ""hold_bars"": 3}"
macd_stoch,-317.36,182.64,63.87,21.42,551,118,433,"{""ema_fast"": 5, ""ema_slow"": 55, ""rsi_len"": 14, ""rsi_buy"": 45, ""rsi_sell"": 55, ""rsi_ob"": 70, ""rsi_os"": 25, ""rsi_os_level"": 25, ""rsi_ob_level"": 70, ""rsi_mid_low"": 40, ""rsi_mid_high"": 60, ""macd_fast"": 12, ""macd_slow"": 26, ""macd_signal"": 9, ""bb_len"": 20, ""bb_std"": 2.0, ""stoch_k"": 14, ""stoch_d"": 3, ""stoch_ob"": 75, ""stoch_os"": 20, ""atr_len"": 14, ""adx_len"": 14, ""adx_min"": 25, ""sl_atr"": 1.2, ""tp_atr"": 2.0, ""hold_bars"": 3}"
macd_stoch,-317.36,182.64,63.87,21.42,551,118,433,"{""ema_fast"": 5, ""ema_slow"": 55, ""rsi_len"": 14, ""rsi_buy"": 50, ""rsi_sell"": 50, ""rsi_ob"": 70, ""rsi_os"": 25, ""rsi_os_level"": 25, ""rsi_ob_level"": 70, ""rsi_mid_low"": 40, ""rsi_mid_high"": 60, ""macd_fast"": 12, ""macd_slow"": 26, ""macd_signal"": 9, ""bb_len"": 20, ""bb_std"": 2.0, ""stoch_k"": 14, ""stoch_d"": 3, ""stoch_ob"": 75, ""stoch_os"": 20, ""atr_len"": 14, ""adx_len"": 14, ""adx_min"": 25, ""sl_atr"": 1.2, ""tp_atr"": 2.0, ""hold_bars"": 3}"
macd_stoch,-317.36,182.64,63.87,21.42,551,118,433,"{""ema_fast"": 5, ""ema_slow"": 55, ""rsi_len"": 14, ""rsi_buy"": 50, ""rsi_sell"": 55, ""rsi_ob"": 70, ""rsi_os"": 25, ""rsi_os_level"": 25, ""rsi_ob_level"": 70, ""rsi_mid_low"": 40, ""rsi_mid_high"": 60, ""macd_fast"": 12, ""macd_slow"": 26, ""macd_signal"": 9, ""bb_len"": 20, ""bb_std"": 2.0, ""stoch_k"": 14, ""stoch_d"": 3, ""stoch_ob"": 75, ""stoch_os"": 20, ""atr_len"": 14, ""adx_len"": 14, ""adx_min"": 25, ""sl_atr"": 1.2, ""tp_atr"": 2.0, ""hold_bars"": 3}"
macd_stoch,-317.52,182.48,64.01,20.19,525,106,419,"{""ema_fast"": 5, ""ema_slow"": 34, ""rsi_len"": 14, ""rsi_buy"": 45, ""rsi_sell"": 50, ""rsi_ob"": 70, ""rsi_os"": 25, ""rsi_os_level"": 25, ""rsi_ob_level"": 70, ""rsi_mid_low"": 40, ""rsi_mid_high"": 60, ""macd_fast"": 12, ""macd_slow"": 21, ""macd_signal"": 5, ""bb_len"": 20, ""bb_std"": 2.0, ""stoch_k"": 7, ""stoch_d"": 3, ""stoch_ob"": 75, ""stoch_os"": 20, ""atr_len"": 10, ""adx_len"": 14, ""adx_min"": 25, ""sl_atr"": 1.2, ""tp_atr"": 2.0, ""hold_bars"": 3}"
macd_stoch,-317.52,182.48,64.01,20.19,525,106,419,"{""ema_fast"": 5, ""ema_slow"": 34, ""rsi_len"": 14, ""rsi_buy"": 45, ""rsi_sell"": 55, ""rsi_ob"": 70, ""rsi_os"": 25, ""rsi_os_level"": 25, ""rsi_ob_level"": 70, ""rsi_mid_low"": 40, ""rsi_mid_high"": 60, ""macd_fast"": 12, ""macd_slow"": 21, ""macd_signal"": 5, ""bb_len"": 20, ""bb_std"": 2.0, ""stoch_k"": 7, ""stoch_d"": 3, ""stoch_ob"": 75, ""stoch_os"": 20, ""atr_len"": 10, ""adx_len"": 14, ""adx_min"": 25, ""sl_atr"": 1.2, ""tp_atr"": 2.0, ""hold_bars"": 3}"
macd_stoch,-317.52,182.48,64.01,20.19,525,106,419,"{""ema_fast"": 5, ""ema_slow"": 34, ""rsi_len"": 14, ""rsi_buy"": 50, ""rsi_sell"": 50, ""rsi_ob"": 70, ""rsi_os"": 25, ""rsi_os_level"": 25, ""rsi_ob_level"": 70, ""rsi_mid_low"": 40, ""rsi_mid_high"": 60, ""macd_fast"": 12, ""macd_slow"": 21, ""macd_signal"": 5, ""bb_len"": 20, ""bb_std"": 2.0, ""stoch_k"": 7, ""stoch_d"": 3, ""stoch_ob"": 75, ""stoch_os"": 20, ""atr_len"": 10, ""adx_len"": 14, ""adx_min"": 25, ""sl_atr"": 1.2, ""tp_atr"": 2.0, ""hold_bars"": 3}"
macd_stoch,-317.52,182.48,64.01,20.19,525,106,419,"{""ema_fast"": 5, ""ema_slow"": 34, ""rsi_len"": 14, ""rsi_buy"": 50, ""rsi_sell"": 55, ""rsi_ob"": 70, ""rsi_os"": 25, ""rsi_os_level"": 25, ""rsi_ob_level"": 70, ""rsi_mid_low"": 40, ""rsi_mid_high"": 60, ""macd_fast"": 12, ""macd_slow"": 21, ""macd_signal"": 5, ""bb_len"": 20, ""bb_std"": 2.0, ""stoch_k"": 7, ""stoch_d"": 3, ""stoch_ob"": 75, ""stoch_os"": 20, ""atr_len"": 10, ""adx_len"": 14, ""adx_min"": 25, ""sl_atr"": 1.2, ""tp_atr"": 2.0, ""hold_bars"": 3}"
bb_rsi,-331.26,168.74,66.3,18.25,411,75,336,"{""ema_fast"": 5, ""ema_slow"": 55, ""rsi_len"": 14, ""rsi_buy"": 45, ""rsi_sell"": 50, ""rsi_ob"": 70, ""rsi_os"": 25, ""rsi_os_level"": 25, ""rsi_ob_level"": 70, ""rsi_mid_low"": 40, ""rsi_mid_high"": 60, ""macd_fast"": 12, ""macd_slow"": 26, ""macd_signal"": 9, ""bb_len"": 20, ""bb_std"": 2.0, ""stoch_k"": 14, ""stoch_d"": 3, ""stoch_ob"": 75, ""stoch_os"": 20, ""atr_len"": 14, ""adx_len"": 14, ""adx_min"": 25, ""sl_atr"": 1.5, ""tp_atr"": 2.0, ""hold_bars"": 3}"
bb_rsi,-331.26,168.74,66.3,18.25,411,75,336,"{""ema_fast"": 5, ""ema_slow"": 55, ""rsi_len"": 14, ""rsi_buy"": 45, ""rsi_sell"": 55, ""rsi_ob"": 70, ""rsi_os"": 25, ""rsi_os_level"": 25, ""rsi_ob_level"": 70, ""rsi_mid_low"": 40, ""rsi_mid_high"": 60, ""macd_fast"": 12, ""macd_slow"": 26, ""macd_signal"": 9, ""bb_len"": 20, ""bb_std"": 2.0, ""stoch_k"": 14, ""stoch_d"": 3, ""stoch_ob"": 75, ""stoch_os"": 20, ""atr_len"": 14, ""adx_len"": 14, ""adx_min"": 25, ""sl_atr"": 1.5, ""tp_atr"": 2.0, ""hold_bars"": 3}"
bb_rsi,-331.26,168.74,66.3,18.25,411,75,336,"{""ema_fast"": 5, ""ema_slow"": 55, ""rsi_len"": 14, ""rsi_buy"": 50, ""rsi_sell"": 50, ""rsi_ob"": 70, ""rsi_os"": 25, ""rsi_os_level"": 25, ""rsi_ob_level"": 70, ""rsi_mid_low"": 40, ""rsi_mid_high"": 60, ""macd_fast"": 12, ""macd_slow"": 26, ""macd_signal"": 9, ""bb_len"": 20, ""bb_std"": 2.0, ""stoch_k"": 14, ""stoch_d"": 3, ""stoch_ob"": 75, ""stoch_os"": 20, ""atr_len"": 14, ""adx_len"": 14, ""adx_min"": 25, ""sl_atr"": 1.5, ""tp_atr"": 2.0, ""hold_bars"": 3}"
bb_rsi,-331.26,168.74,66.3,18.25,411,75,336,"{""ema_fast"": 5, ""ema_slow"": 55, ""rsi_len"": 14, ""rsi_buy"": 50, ""rsi_sell"": 55, ""rsi_ob"": 70, ""rsi_os"": 25, ""rsi_os_level"": 25, ""rsi_ob_level"": 70, ""rsi_mid_low"": 40, ""rsi_mid_high"": 60, ""macd_fast"": 12, ""macd_slow"": 26, ""macd_signal"": 9, ""bb_len"": 20, ""bb_std"": 2.0, ""stoch_k"": 14, ""stoch_d"": 3, ""stoch_ob"": 75, ""stoch_os"": 20, ""atr_len"": 14, ""adx_len"": 14, ""adx_min"": 25, ""sl_atr"": 1.5, ""tp_atr"": 2.0, ""hold_bars"": 3}"
macd_stoch,-331.92,168.08,67.23,25.84,681,176,505,"{""ema_fast"": 8, ""ema_slow"": 34, ""rsi_len"": 7, ""rsi_buy"": 45, ""rsi_sell"": 50, ""rsi_ob"": 70, ""rsi_os"": 25, ""rsi_os_level"": 25, ""rsi_ob_level"": 70, ""rsi_mid_low"": 40, ""rsi_mid_high"": 60, ""macd_fast"": 8, ""macd_slow"": 26, ""macd_signal"": 9, ""bb_len"": 14, ""bb_std"": 1.5, ""stoch_k"": 14, ""stoch_d"": 3, ""stoch_ob"": 75, ""stoch_os"": 20, ""atr_len"": 10, ""adx_len"": 14, ""adx_min"": 25, ""sl_atr"": 1.2, ""tp_atr"": 2.0, ""hold_bars"": 3}"
macd_stoch,-331.92,168.08,67.23,25.84,681,176,505,"{""ema_fast"": 8, ""ema_slow"": 34, ""rsi_len"": 7, ""rsi_buy"": 45, ""rsi_sell"": 55, ""rsi_ob"": 70, ""rsi_os"": 25, ""rsi_os_level"": 25, ""rsi_ob_level"": 70, ""rsi_mid_low"": 40, ""rsi_mid_high"": 60, ""macd_fast"": 8, ""macd_slow"": 26, ""macd_signal"": 9, ""bb_len"": 14, ""bb_std"": 1.5, ""stoch_k"": 14, ""stoch_d"": 3, ""stoch_ob"": 75, ""stoch_os"": 20, ""atr_len"": 10, ""adx_len"": 14, ""adx_min"": 25, ""sl_atr"": 1.2, ""tp_atr"": 2.0, ""hold_bars"": 3}"
macd_stoch,-331.92,168.08,67.23,25.84,681,176,505,"{""ema_fast"": 8, ""ema_slow"": 34, ""rsi_len"": 7, ""rsi_buy"": 50, ""rsi_sell"": 50, ""rsi_ob"": 70, ""rsi_os"": 25, ""rsi_os_level"": 25, ""rsi_ob_level"": 70, ""rsi_mid_low"": 40, ""rsi_mid_high"": 60, ""macd_fast"": 8, ""macd_slow"": 26, ""macd_signal"": 9, ""bb_len"": 14, ""bb_std"": 1.5, ""stoch_k"": 14, ""stoch_d"": 3, ""stoch_ob"": 75, ""stoch_os"": 20, ""atr_len"": 10, ""adx_len"": 14, ""adx_min"": 25, ""sl_atr"": 1.2, ""tp_atr"": 2.0, ""hold_bars"": 3}"
macd_stoch,-331.92,168.08,67.23,25.84,681,176,505,"{""ema_fast"": 8, ""ema_slow"": 34, ""rsi_len"": 7, ""rsi_buy"": 50, ""rsi_sell"": 55, ""rsi_ob"": 70, ""rsi_os"": 25, ""rsi_os_level"": 25, ""rsi_ob_level"": 70, ""rsi_mid_low"": 40, ""rsi_mid_high"": 60, ""macd_fast"": 8, ""macd_slow"": 26, ""macd_signal"": 9, ""bb_len"": 14, ""bb_std"": 1.5, ""stoch_k"": 14, ""stoch_d"": 3, ""stoch_ob"": 75, ""stoch_os"": 20, ""atr_len"": 10, ""adx_len"": 14, ""adx_min"": 25, ""sl_atr"": 1.2, ""tp_atr"": 2.0, ""hold_bars"": 3}"
bb_rsi,-334.21,165.79,66.89,18.54,410,76,334,"{""ema_fast"": 5, ""ema_slow"": 34, ""rsi_len"": 14, ""rsi_buy"": 45, ""rsi_sell"": 50, ""rsi_ob"": 70, ""rsi_os"": 25, ""rsi_os_level"": 25, ""rsi_ob_level"": 70, ""rsi_mid_low"": 40, ""rsi_mid_high"": 60, ""macd_fast"": 12, ""macd_slow"": 21, ""macd_signal"": 5, ""bb_len"": 20, ""bb_std"": 2.0, ""stoch_k"": 7, ""stoch_d"": 3, ""stoch_ob"": 75, ""stoch_os"": 20, ""atr_len"": 10, ""adx_len"": 14, ""adx_min"": 25, ""sl_atr"": 1.5, ""tp_atr"": 2.0, ""hold_bars"": 3}"
bb_rsi,-334.21,165.79,66.89,18.54,410,76,334,"{""ema_fast"": 5, ""ema_slow"": 34, ""rsi_len"": 14, ""rsi_buy"": 45, ""rsi_sell"": 55, ""rsi_ob"": 70, ""rsi_os"": 25, ""rsi_os_level"": 25, ""rsi_ob_level"": 70, ""rsi_mid_low"": 40, ""rsi_mid_high"": 60, ""macd_fast"": 12, ""macd_slow"": 21, ""macd_signal"": 5, ""bb_len"": 20, ""bb_std"": 2.0, ""stoch_k"": 7, ""stoch_d"": 3, ""stoch_ob"": 75, ""stoch_os"": 20, ""atr_len"": 10, ""adx_len"": 14, ""adx_min"": 25, ""sl_atr"": 1.5, ""tp_atr"": 2.0, ""hold_bars"": 3}"
bb_rsi,-334.21,165.79,66.89,18.54,410,76,334,"{""ema_fast"": 5, ""ema_slow"": 34, ""rsi_len"": 14, ""rsi_buy"": 50, ""rsi_sell"": 50, ""rsi_ob"": 70, ""rsi_os"": 25, ""rsi_os_level"": 25, ""rsi_ob_level"": 70, ""rsi_mid_low"": 40, ""rsi_mid_high"": 60, ""macd_fast"": 12, ""macd_slow"": 21, ""macd_signal"": 5, ""bb_len"": 20, ""bb_std"": 2.0, ""stoch_k"": 7, ""stoch_d"": 3, ""stoch_ob"": 75, ""stoch_os"": 20, ""atr_len"": 10, ""adx_len"": 14, ""adx_min"": 25, ""sl_atr"": 1.5, ""tp_atr"": 2.0, ""hold_bars"": 3}"
bb_rsi,-334.21,165.79,66.89,18.54,410,76,334,"{""ema_fast"": 5, ""ema_slow"": 34, ""rsi_len"": 14, ""rsi_buy"": 50, ""rsi_sell"": 55, ""rsi_ob"": 70, ""rsi_os"": 25, ""rsi_os_level"": 25, ""rsi_ob_level"": 70, ""rsi_mid_low"": 40, ""rsi_mid_high"": 60, ""macd_fast"": 12, ""macd_slow"": 21, ""macd_signal"": 5, ""bb_len"": 20, ""bb_std"": 2.0, ""stoch_k"": 7, ""stoch_d"": 3, ""stoch_ob"": 75, ""stoch_os"": 20, ""atr_len"": 10, ""adx_len"": 14, ""adx_min"": 25, ""sl_atr"": 1.5, ""tp_atr"": 2.0, ""hold_bars"": 3}"
macd_stoch,-337.57,162.43,68.41,25.4,681,173,508,"{""ema_fast"": 5, ""ema_slow"": 34, ""rsi_len"": 7, ""rsi_buy"": 45, ""rsi_sell"": 50, ""rsi_ob"": 70, ""rsi_os"": 25, ""rsi_os_level"": 25, ""rsi_ob_level"": 70, ""rsi_mid_low"": 40, ""rsi_mid_high"": 60, ""macd_fast"": 8, ""macd_slow"": 26, ""macd_signal"": 9, ""bb_len"": 14, ""bb_std"": 1.5, ""stoch_k"": 14, ""stoch_d"": 3, ""stoch_ob"": 75, ""stoch_os"": 20, ""atr_len"": 14, ""adx_len"": 14, ""adx_min"": 18, ""sl_atr"": 1.2, ""tp_atr"": 2.0, ""hold_bars"": 3}"
macd_stoch,-337.57,162.43,68.41,25.4,681,173,508,"{""ema_fast"": 5, ""ema_slow"": 34, ""rsi_len"": 7, ""rsi_buy"": 45, ""rsi_sell"": 55, ""rsi_ob"": 70, ""rsi_os"": 25, ""rsi_os_level"": 25, ""rsi_ob_level"": 70, ""rsi_mid_low"": 40, ""rsi_mid_high"": 60, ""macd_fast"": 8, ""macd_slow"": 26, ""macd_signal"": 9, ""bb_len"": 14, ""bb_std"": 1.5, ""stoch_k"": 14, ""stoch_d"": 3, ""stoch_ob"": 75, ""stoch_os"": 20, ""atr_len"": 14, ""adx_len"": 14, ""adx_min"": 18, ""sl_atr"": 1.2, ""tp_atr"": 2.0, ""hold_bars"": 3}"
macd_stoch,-337.57,162.43,68.41,25.4,681,173,508,"{""ema_fast"": 5, ""ema_slow"": 34, ""rsi_len"": 7, ""rsi_buy"": 50, ""rsi_sell"": 50, ""rsi_ob"": 70, ""rsi_os"": 25, ""rsi_os_level"": 25, ""rsi_ob_level"": 70, ""rsi_mid_low"": 40, ""rsi_mid_high"": 60, ""macd_fast"": 8, ""macd_slow"": 26, ""macd_signal"": 9, ""bb_len"": 14, ""bb_std"": 1.5, ""stoch_k"": 14, ""stoch_d"": 3, ""stoch_ob"": 75, ""stoch_os"": 20, ""atr_len"": 14, ""adx_len"": 14, ""adx_min"": 18, ""sl_atr"": 1.2, ""tp_atr"": 2.0, ""hold_bars"": 3}"
macd_stoch,-337.57,162.43,68.41,25.4,681,173,508,"{""ema_fast"": 5, ""ema_slow"": 34, ""rsi_len"": 7, ""rsi_buy"": 50, ""rsi_sell"": 55, ""rsi_ob"": 70, ""rsi_os"": 25, ""rsi_os_level"": 25, ""rsi_ob_level"": 70, ""rsi_mid_low"": 40, ""rsi_mid_high"": 60, ""macd_fast"": 8, ""macd_slow"": 26, ""macd_signal"": 9, ""bb_len"": 14, ""bb_std"": 1.5, ""stoch_k"": 14, ""stoch_d"": 3, ""stoch_ob"": 75, ""stoch_os"": 20, ""atr_len"": 14, ""adx_len"": 14, ""adx_min"": 18, ""sl_atr"": 1.2, ""tp_atr"": 2.0, ""hold_bars"": 3}"
macd_stoch,-348.32,151.68,69.96,25.14,545,137,408,"{""ema_fast"": 5, ""ema_slow"": 55, ""rsi_len"": 14, ""rsi_buy"": 45, ""rsi_sell"": 50, ""rsi_ob"": 70, ""rsi_os"": 25, ""rsi_os_level"": 25, ""rsi_ob_level"": 70, ""rsi_mid_low"": 40, ""rsi_mid_high"": 60, ""macd_fast"": 12, ""macd_slow"": 26, ""macd_signal"": 9, ""bb_len"": 20, ""bb_std"": 2.0, ""stoch_k"": 14, ""stoch_d"": 3, ""stoch_ob"": 75, ""stoch_os"": 20, ""atr_len"": 14, ""adx_len"": 14, ""adx_min"": 25, ""sl_atr"": 1.5, ""tp_atr"": 2.0, ""hold_bars"": 3}"
macd_stoch,-348.32,151.68,69.96,25.14,545,137,408,"{""ema_fast"": 5, ""ema_slow"": 55, ""rsi_len"": 14, ""rsi_buy"": 45, ""rsi_sell"": 55, ""rsi_ob"": 70, ""rsi_os"": 25, ""rsi_os_level"": 25, ""rsi_ob_level"": 70, ""rsi_mid_low"": 40, ""rsi_mid_high"": 60, ""macd_fast"": 12, ""macd_slow"": 26, ""macd_signal"": 9, ""bb_len"": 20, ""bb_std"": 2.0, ""stoch_k"": 14, ""stoch_d"": 3, ""stoch_ob"": 75, ""stoch_os"": 20, ""atr_len"": 14, ""adx_len"": 14, ""adx_min"": 25, ""sl_atr"": 1.5, ""tp_atr"": 2.0, ""hold_bars"": 3}"
macd_stoch,-348.32,151.68,69.96,25.14,545,137,408,"{""ema_fast"": 5, ""ema_slow"": 55, ""rsi_len"": 14, ""rsi_buy"": 50, ""rsi_sell"": 50, ""rsi_ob"": 70, ""rsi_os"": 25, ""rsi_os_level"": 25, ""rsi_ob_level"": 70, ""rsi_mid_low"": 40, ""rsi_mid_high"": 60, ""macd_fast"": 12, ""macd_slow"": 26, ""macd_signal"": 9, ""bb_len"": 20, ""bb_std"": 2.0, ""stoch_k"": 14, ""stoch_d"": 3, ""stoch_ob"": 75, ""stoch_os"": 20, ""atr_len"": 14, ""adx_len"": 14, ""adx_min"": 25, ""sl_atr"": 1.5, ""tp_atr"": 2.0, ""hold_bars"": 3}"
macd_stoch,-348.32,151.68,69.96,25.14,545,137,408,"{""ema_fast"": 5, ""ema_slow"": 55, ""rsi_len"": 14, ""rsi_buy"": 50, ""rsi_sell"": 55, ""rsi_ob"": 70, ""rsi_os"": 25, ""rsi_os_level"": 25, ""rsi_ob_level"": 70, ""rsi_mid_low"": 40, ""rsi_mid_high"": 60, ""macd_fast"": 12, ""macd_slow"": 26, ""macd_signal"": 9, ""bb_len"": 20, ""bb_std"": 2.0, ""stoch_k"": 14, ""stoch_d"": 3, ""stoch_ob"": 75, ""stoch_os"": 20, ""atr_len"": 14, ""adx_len"": 14, ""adx_min"": 25, ""sl_atr"": 1.5, ""tp_atr"": 2.0, ""hold_bars"": 3}"
macd_stoch,-352.21,147.79,70.81,23.36,518,121,397,"{""ema_fast"": 5, ""ema_slow"": 34, ""rsi_len"": 14, ""rsi_buy"": 45, ""rsi_sell"": 50, ""rsi_ob"": 70, ""rsi_os"": 25, ""rsi_os_level"": 25, ""rsi_ob_level"": 70, ""rsi_mid_low"": 40, ""rsi_mid_high"": 60, ""macd_fast"": 12, ""macd_slow"": 21, ""macd_signal"": 5, ""bb_len"": 20, ""bb_std"": 2.0, ""stoch_k"": 7, ""stoch_d"": 3, ""stoch_ob"": 75, ""stoch_os"": 20, ""atr_len"": 10, ""adx_len"": 14, ""adx_min"": 25, ""sl_atr"": 1.5, ""tp_atr"": 2.0, ""hold_bars"": 3}"
macd_stoch,-352.21,147.79,70.81,23.36,518,121,397,"{""ema_fast"": 5, ""ema_slow"": 34, ""rsi_len"": 14, ""rsi_buy"": 45, ""rsi_sell"": 55, ""rsi_ob"": 70, ""rsi_os"": 25, ""rsi_os_level"": 25, ""rsi_ob_level"": 70, ""rsi_mid_low"": 40, ""rsi_mid_high"": 60, ""macd_fast"": 12, ""macd_slow"": 21, ""macd_signal"": 5, ""bb_len"": 20, ""bb_std"": 2.0, ""stoch_k"": 7, ""stoch_d"": 3, ""stoch_ob"": 75, ""stoch_os"": 20, ""atr_len"": 10, ""adx_len"": 14, ""adx_min"": 25, ""sl_atr"": 1.5, ""tp_atr"": 2.0, ""hold_bars"": 3}"
macd_stoch,-352.21,147.79,70.81,23.36,518,121,397,"{""ema_fast"": 5, ""ema_slow"": 34, ""rsi_len"": 14, ""rsi_buy"": 50, ""rsi_sell"": 50, ""rsi_ob"": 70, ""rsi_os"": 25, ""rsi_os_level"": 25, ""rsi_ob_level"": 70, ""rsi_mid_low"": 40, ""rsi_mid_high"": 60, ""macd_fast"": 12, ""macd_slow"": 21, ""macd_signal"": 5, ""bb_len"": 20, ""bb_std"": 2.0, ""stoch_k"": 7, ""stoch_d"": 3, ""stoch_ob"": 75, ""stoch_os"": 20, ""atr_len"": 10, ""adx_len"": 14, ""adx_min"": 25, ""sl_atr"": 1.5, ""tp_atr"": 2.0, ""hold_bars"": 3}"
macd_stoch,-352.21,147.79,70.81,23.36,518,121,397,"{""ema_fast"": 5, ""ema_slow"": 34, ""rsi_len"": 14, ""rsi_buy"": 50, ""rsi_sell"": 55, ""rsi_ob"": 70, ""rsi_os"": 25, ""rsi_os_level"": 25, ""rsi_ob_level"": 70, ""rsi_mid_low"": 40, ""rsi_mid_high"": 60, ""macd_fast"": 12, ""macd_slow"": 21, ""macd_signal"": 5, ""bb_len"": 20, ""bb_std"": 2.0, ""stoch_k"": 7, ""stoch_d"": 3, ""stoch_ob"": 75, ""stoch_os"": 20, ""atr_len"": 10, ""adx_len"": 14, ""adx_min"": 25, ""sl_atr"": 1.5, ""tp_atr"": 2.0, ""hold_bars"": 3}"
macd_stoch,-365.7,134.3,73.88,29.45,669,197,472,"{""ema_fast"": 5, ""ema_slow"": 34, ""rsi_len"": 7, ""rsi_buy"": 45, ""rsi_sell"": 50, ""rsi_ob"": 70, ""rsi_os"": 25, ""rsi_os_level"": 25, ""rsi_ob_level"": 70, ""rsi_mid_low"": 40, ""rsi_mid_high"": 60, ""macd_fast"": 8, ""macd_slow"": 26, ""macd_signal"": 9, ""bb_len"": 14, ""bb_std"": 1.5, ""stoch_k"": 14, ""stoch_d"": 3, ""stoch_ob"": 75, ""stoch_os"": 20, ""atr_len"": 14, ""adx_len"": 14, ""adx_min"": 18, ""sl_atr"": 1.5, ""tp_atr"": 2.0, ""hold_bars"": 3}"
macd_stoch,-365.7,134.3,73.88,29.45,669,197,472,"{""ema_fast"": 5, ""ema_slow"": 34, ""rsi_len"": 7, ""rsi_buy"": 45, ""rsi_sell"": 55, ""rsi_ob"": 70, ""rsi_os"": 25, ""rsi_os_level"": 25, ""rsi_ob_level"": 70, ""rsi_mid_low"": 40, ""rsi_mid_high"": 60, ""macd_fast"": 8, ""macd_slow"": 26, ""macd_signal"": 9, ""bb_len"": 14, ""bb_std"": 1.5, ""stoch_k"": 14, ""stoch_d"": 3, ""stoch_ob"": 75, ""stoch_os"": 20, ""atr_len"": 14, ""adx_len"": 14, ""adx_min"": 18, ""sl_atr"": 1.5, ""tp_atr"": 2.0, ""hold_bars"": 3}"
macd_stoch,-365.7,134.3,73.88,29.45,669,197,472,"{""ema_fast"": 5, ""ema_slow"": 34, ""rsi_len"": 7, ""rsi_buy"": 50, ""rsi_sell"": 50, ""rsi_ob"": 70, ""rsi_os"": 25, ""rsi_os_level"": 25, ""rsi_ob_level"": 70, ""rsi_mid_low"": 40, ""rsi_mid_high"": 60, ""macd_fast"": 8, ""macd_slow"": 26, ""macd_signal"": 9, ""bb_len"": 14, ""bb_std"": 1.5, ""stoch_k"": 14, ""stoch_d"": 3, ""stoch_ob"": 75, ""stoch_os"": 20, ""atr_len"": 14, ""adx_len"": 14, ""adx_min"": 18, ""sl_atr"": 1.5, ""tp_atr"": 2.0, ""hold_bars"": 3}"
macd_stoch,-365.7,134.3,73.88,29.45,669,197,472,"{""ema_fast"": 5, ""ema_slow"": 34, ""rsi_len"": 7, ""rsi_buy"": 50, ""rsi_sell"": 55, ""rsi_ob"": 70, ""rsi_os"": 25, ""rsi_os_level"": 25, ""rsi_ob_level"": 70, ""rsi_mid_low"": 40, ""rsi_mid_high"": 60, ""macd_fast"": 8, ""macd_slow"": 26, ""macd_signal"": 9, ""bb_len"": 14, ""bb_std"": 1.5, ""stoch_k"": 14, ""stoch_d"": 3, ""stoch_ob"": 75, ""stoch_os"": 20, ""atr_len"": 14, ""adx_len"": 14, ""adx_min"": 18, ""sl_atr"": 1.5, ""tp_atr"": 2.0, ""hold_bars"": 3}"
bb_rsi,-397.32,102.68,79.48,19.23,624,120,504,"{""ema_fast"": 5, ""ema_slow"": 55, ""rsi_len"": 7, ""rsi_buy"": 45, ""rsi_sell"": 50, ""rsi_ob"": 70, ""rsi_os"": 25, ""rsi_os_level"": 25, ""rsi_ob_level"": 70, ""rsi_mid_low"": 40, ""rsi_mid_high"": 60, ""macd_fast"": 12, ""macd_slow"": 26, ""macd_signal"": 5, ""bb_len"": 14, ""bb_std"": 2.0, ""stoch_k"": 14, ""stoch_d"": 3, ""stoch_ob"": 75, ""stoch_os"": 20, ""atr_len"": 10, ""adx_len"": 14, ""adx_min"": 18, ""sl_atr"": 1.2, ""tp_atr"": 2.0, ""hold_bars"": 3}"
bb_rsi,-397.32,102.68,79.48,19.23,624,120,504,"{""ema_fast"": 5, ""ema_slow"": 55, ""rsi_len"": 7, ""rsi_buy"": 45, ""rsi_sell"": 55, ""rsi_ob"": 70, ""rsi_os"": 25, ""rsi_os_level"": 25, ""rsi_ob_level"": 70, ""rsi_mid_low"": 40, ""rsi_mid_high"": 60, ""macd_fast"": 12, ""macd_slow"": 26, ""macd_signal"": 5, ""bb_len"": 14, ""bb_std"": 2.0, ""stoch_k"": 14, ""stoch_d"": 3, ""stoch_ob"": 75, ""stoch_os"": 20, ""atr_len"": 10, ""adx_len"": 14, ""adx_min"": 18, ""sl_atr"": 1.2, ""tp_atr"": 2.0, ""hold_bars"": 3}"
bb_rsi,-397.32,102.68,79.48,19.23,624,120,504,"{""ema_fast"": 5, ""ema_slow"": 55, ""rsi_len"": 7, ""rsi_buy"": 50, ""rsi_sell"": 50, ""rsi_ob"": 70, ""rsi_os"": 25, ""rsi_os_level"": 25, ""rsi_ob_level"": 70, ""rsi_mid_low"": 40, ""rsi_mid_high"": 60, ""macd_fast"": 12, ""macd_slow"": 26, ""macd_signal"": 5, ""bb_len"": 14, ""bb_std"": 2.0, ""stoch_k"": 14, ""stoch_d"": 3, ""stoch_ob"": 75, ""stoch_os"": 20, ""atr_len"": 10, ""adx_len"": 14, ""adx_min"": 18, ""sl_atr"": 1.2, ""tp_atr"": 2.0, ""hold_bars"": 3}"
bb_rsi,-397.32,102.68,79.48,19.23,624,120,504,"{""ema_fast"": 5, ""ema_slow"": 55, ""rsi_len"": 7, ""rsi_buy"": 50, ""rsi_sell"": 55, ""rsi_ob"": 70, ""rsi_os"": 25, ""rsi_os_level"": 25, ""rsi_ob_level"": 70, ""rsi_mid_low"": 40, ""rsi_mid_high"": 60, ""macd_fast"": 12, ""macd_slow"": 26, ""macd_signal"": 5, ""bb_len"": 14, ""bb_std"": 2.0, ""stoch_k"": 14, ""stoch_d"": 3, ""stoch_ob"": 75, ""stoch_os"": 20, ""atr_len"": 10, ""adx_len"": 14, ""adx_min"": 18, ""sl_atr"": 1.2, ""tp_atr"": 2.0, ""hold_bars"": 3}"
macd_stoch,-397.42,102.58,80.07,24.31,761,185,576,"{""ema_fast"": 5, ""ema_slow"": 55, ""rsi_len"": 7, ""rsi_buy"": 45, ""rsi_sell"": 50, ""rsi_ob"": 70, ""rsi_os"": 25, ""rsi_os_level"": 25, ""rsi_ob_level"": 70, ""rsi_mid_low"": 40, ""rsi_mid_high"": 60, ""macd_fast"": 12, ""macd_slow"": 26, ""macd_signal"": 5, ""bb_len"": 14, ""bb_std"": 2.0, ""stoch_k"": 14, ""stoch_d"": 3, ""stoch_ob"": 75, ""stoch_os"": 20, ""atr_len"": 10, ""adx_len"": 14, ""adx_min"": 18, ""sl_atr"": 1.2, ""tp_atr"": 2.0, ""hold_bars"": 3}"
macd_stoch,-397.42,102.58,80.07,24.31,761,185,576,"{""ema_fast"": 5, ""ema_slow"": 55, ""rsi_len"": 7, ""rsi_buy"": 45, ""rsi_sell"": 55, ""rsi_ob"": 70, ""rsi_os"": 25, ""rsi_os_level"": 25, ""rsi_ob_level"": 70, ""rsi_mid_low"": 40, ""rsi_mid_high"": 60, ""macd_fast"": 12, ""macd_slow"": 26, ""macd_signal"": 5, ""bb_len"": 14, ""bb_std"": 2.0, ""stoch_k"": 14, ""stoch_d"": 3, ""stoch_ob"": 75, ""stoch_os"": 20, ""atr_len"": 10, ""adx_len"": 14, ""adx_min"": 18, ""sl_atr"": 1.2, ""tp_atr"": 2.0, ""hold_bars"": 3}"
macd_stoch,-397.42,102.58,80.07,24.31,761,185,576,"{""ema_fast"": 5, ""ema_slow"": 55, ""rsi_len"": 7, ""rsi_buy"": 50, ""rsi_sell"": 50, ""rsi_ob"": 70, ""rsi_os"": 25, ""rsi_os_level"": 25, ""rsi_ob_level"": 70, ""rsi_mid_low"": 40, ""rsi_mid_high"": 60, ""macd_fast"": 12, ""macd_slow"": 26, ""macd_signal"": 5, ""bb_len"": 14, ""bb_std"": 2.0, ""stoch_k"": 14, ""stoch_d"": 3, ""stoch_ob"": 75, ""stoch_os"": 20, ""atr_len"": 10, ""adx_len"": 14, ""adx_min"": 18, ""sl_atr"": 1.2, ""tp_atr"": 2.0, ""hold_bars"": 3}"
macd_stoch,-397.42,102.58,80.07,24.31,761,185,576,"{""ema_fast"": 5, ""ema_slow"": 55, ""rsi_len"": 7, ""rsi_buy"": 50, ""rsi_sell"": 55, ""rsi_ob"": 70, ""rsi_os"": 25, ""rsi_os_level"": 25, ""rsi_ob_level"": 70, ""rsi_mid_low"": 40, ""rsi_mid_high"": 60, ""macd_fast"": 12, ""macd_slow"": 26, ""macd_signal"": 5, ""bb_len"": 14, ""bb_std"": 2.0, ""stoch_k"": 14, ""stoch_d"": 3, ""stoch_ob"": 75, ""stoch_os"": 20, ""atr_len"": 10, ""adx_len"": 14, ""adx_min"": 18, ""sl_atr"": 1.2, ""tp_atr"": 2.0, ""hold_bars"": 3}"
macd_stoch,-400.29,99.71,80.43,21.02,685,144,541,"{""ema_fast"": 5, ""ema_slow"": 21, ""rsi_len"": 7, ""rsi_buy"": 45, ""rsi_sell"": 50, ""rsi_ob"": 70, ""rsi_os"": 25, ""rsi_os_level"": 25, ""rsi_ob_level"": 70, ""rsi_mid_low"": 40, ""rsi_mid_high"": 60, ""macd_fast"": 8, ""macd_slow"": 21, ""macd_signal"": 5, ""bb_len"": 14, ""bb_std"": 1.5, ""stoch_k"": 7, ""stoch_d"": 3, ""stoch_ob"": 75, ""stoch_os"": 20, ""atr_len"": 10, ""adx_len"": 14, ""adx_min"": 18, ""sl_atr"": 1.2, ""tp_atr"": 2.0, ""hold_bars"": 3}"
macd_stoch,-400.29,99.71,80.43,21.02,685,144,541,"{""ema_fast"": 5, ""ema_slow"": 21, ""rsi_len"": 7, ""rsi_buy"": 45, ""rsi_sell"": 55, ""rsi_ob"": 70, ""rsi_os"": 25, ""rsi_os_level"": 25, ""rsi_ob_level"": 70, ""rsi_mid_low"": 40, ""rsi_mid_high"": 60, ""macd_fast"": 8, ""macd_slow"": 21, ""macd_signal"": 5, ""bb_len"": 14, ""bb_std"": 1.5, ""stoch_k"": 7, ""stoch_d"": 3, ""stoch_ob"": 75, ""stoch_os"": 20, ""atr_len"": 10, ""adx_len"": 14, ""adx_min"": 18, ""sl_atr"": 1.2, ""tp_atr"": 2.0, ""hold_bars"": 3}"
macd_stoch,-400.29,99.71,80.43,21.02,685,144,541,"{""ema_fast"": 5, ""ema_slow"": 21, ""rsi_len"": 7, ""rsi_buy"": 50, ""rsi_sell"": 50, ""rsi_ob"": 70, ""rsi_os"": 25, ""rsi_os_level"": 25, ""rsi_ob_level"": 70, ""rsi_mid_low"": 40, ""rsi_mid_high"": 60, ""macd_fast"": 8, ""macd_slow"": 21, ""macd_signal"": 5, ""bb_len"": 14, ""bb_std"": 1.5, ""stoch_k"": 7, ""stoch_d"": 3, ""stoch_ob"": 75, ""stoch_os"": 20, ""atr_len"": 10, ""adx_len"": 14, ""adx_min"": 18, ""sl_atr"": 1.2, ""tp_atr"": 2.0, ""hold_bars"": 3}"
macd_stoch,-400.29,99.71,80.43,21.02,685,144,541,"{""ema_fast"": 5, ""ema_slow"": 21, ""rsi_len"": 7, ""rsi_buy"": 50, ""rsi_sell"": 55, ""rsi_ob"": 70, ""rsi_os"": 25, ""rsi_os_level"": 25, ""rsi_ob_level"": 70, ""rsi_mid_low"": 40, ""rsi_mid_high"": 60, ""macd_fast"": 8, ""macd_slow"": 21, ""macd_signal"": 5, ""bb_len"": 14, ""bb_std"": 1.5, ""stoch_k"": 7, ""stoch_d"": 3, ""stoch_ob"": 75, ""stoch_os"": 20, ""atr_len"": 10, ""adx_len"": 14, ""adx_min"": 18, ""sl_atr"": 1.2, ""tp_atr"": 2.0, ""hold_bars"": 3}"
macd_stoch,-425.65,74.35,85.63,28.3,742,210,532,"{""ema_fast"": 5, ""ema_slow"": 55, ""rsi_len"": 7, ""rsi_buy"": 45, ""rsi_sell"": 50, ""rsi_ob"": 70, ""rsi_os"": 25, ""rsi_os_level"": 25, ""rsi_ob_level"": 70, ""rsi_mid_low"": 40, ""rsi_mid_high"": 60, ""macd_fast"": 12, ""macd_slow"": 26, ""macd_signal"": 5, ""bb_len"": 14, ""bb_std"": 2.0, ""stoch_k"": 14, ""stoch_d"": 3, ""stoch_ob"": 75, ""stoch_os"": 20, ""atr_len"": 10, ""adx_len"": 14, ""adx_min"": 18, ""sl_atr"": 1.5, ""tp_atr"": 2.0, ""hold_bars"": 3}"
macd_stoch,-425.65,74.35,85.63,28.3,742,210,532,"{""ema_fast"": 5, ""ema_slow"": 55, ""rsi_len"": 7, ""rsi_buy"": 45, ""rsi_sell"": 55, ""rsi_ob"": 70, ""rsi_os"": 25, ""rsi_os_level"": 25, ""rsi_ob_level"": 70, ""rsi_mid_low"": 40, ""rsi_mid_high"": 60, ""macd_fast"": 12, ""macd_slow"": 26, ""macd_signal"": 5, ""bb_len"": 14, ""bb_std"": 2.0, ""stoch_k"": 14, ""stoch_d"": 3, ""stoch_ob"": 75, ""stoch_os"": 20, ""atr_len"": 10, ""adx_len"": 14, ""adx_min"": 18, ""sl_atr"": 1.5, ""tp_atr"": 2.0, ""hold_bars"": 3}"
macd_stoch,-425.65,74.35,85.63,28.3,742,210,532,"{""ema_fast"": 5, ""ema_slow"": 55, ""rsi_len"": 7, ""rsi_buy"": 50, ""rsi_sell"": 50, ""rsi_ob"": 70, ""rsi_os"": 25, ""rsi_os_level"": 25, ""rsi_ob_level"": 70, ""rsi_mid_low"": 40, ""rsi_mid_high"": 60, ""macd_fast"": 12, ""macd_slow"": 26, ""macd_signal"": 5, ""bb_len"": 14, ""bb_std"": 2.0, ""stoch_k"": 14, ""stoch_d"": 3, ""stoch_ob"": 75, ""stoch_os"": 20, ""atr_len"": 10, ""adx_len"": 14, ""adx_min"": 18, ""sl_atr"": 1.5, ""tp_atr"": 2.0, ""hold_bars"": 3}"
macd_stoch,-425.65,74.35,85.63,28.3,742,210,532,"{""ema_fast"": 5, ""ema_slow"": 55, ""rsi_len"": 7, ""rsi_buy"": 50, ""rsi_sell"": 55, ""rsi_ob"": 70, ""rsi_os"": 25, ""rsi_os_level"": 25, ""rsi_ob_level"": 70, ""rsi_mid_low"": 40, ""rsi_mid_high"": 60, ""macd_fast"": 12, ""macd_slow"": 26, ""macd_signal"": 5, ""bb_len"": 14, ""bb_std"": 2.0, ""stoch_k"": 14, ""stoch_d"": 3, ""stoch_ob"": 75, ""stoch_os"": 20, ""atr_len"": 10, ""adx_len"": 14, ""adx_min"": 18, ""sl_atr"": 1.5, ""tp_atr"": 2.0, ""hold_bars"": 3}"
bb_rsi,-450.01,49.99,90.02,19.67,605,119,486,"{""ema_fast"": 5, ""ema_slow"": 34, ""rsi_len"": 7, ""rsi_buy"": 45, ""rsi_sell"": 50, ""rsi_ob"": 70, ""rsi_os"": 25, ""rsi_os_level"": 25, ""rsi_ob_level"": 70, ""rsi_mid_low"": 40, ""rsi_mid_high"": 60, ""macd_fast"": 8, ""macd_slow"": 26, ""macd_signal"": 9, ""bb_len"": 14, ""bb_std"": 1.5, ""stoch_k"": 14, ""stoch_d"": 3, ""stoch_ob"": 75, ""stoch_os"": 20, ""atr_len"": 14, ""adx_len"": 14, ""adx_min"": 18, ""sl_atr"": 1.5, ""tp_atr"": 2.0, ""hold_bars"": 3}"
bb_rsi,-450.01,49.99,90.02,19.67,605,119,486,"{""ema_fast"": 5, ""ema_slow"": 34, ""rsi_len"": 7, ""rsi_buy"": 45, ""rsi_sell"": 55, ""rsi_ob"": 70, ""rsi_os"": 25, ""rsi_os_level"": 25, ""rsi_ob_level"": 70, ""rsi_mid_low"": 40, ""rsi_mid_high"": 60, ""macd_fast"": 8, ""macd_slow"": 26, ""macd_signal"": 9, ""bb_len"": 14, ""bb_std"": 1.5, ""stoch_k"": 14, ""stoch_d"": 3, ""stoch_ob"": 75, ""stoch_os"": 20, ""atr_len"": 14, ""adx_len"": 14, ""adx_min"": 18, ""sl_atr"": 1.5, ""tp_atr"": 2.0, ""hold_bars"": 3}"
bb_rsi,-450.01,49.99,90.02,19.67,605,119,486,"{""ema_fast"": 5, ""ema_slow"": 34, ""rsi_len"": 7, ""rsi_buy"": 50, ""rsi_sell"": 50, ""rsi_ob"": 70, ""rsi_os"": 25, ""rsi_os_level"": 25, ""rsi_ob_level"": 70, ""rsi_mid_low"": 40, ""rsi_mid_high"": 60, ""macd_fast"": 8, ""macd_slow"": 26, ""macd_signal"": 9, ""bb_len"": 14, ""bb_std"": 1.5, ""stoch_k"": 14, ""stoch_d"": 3, ""stoch_ob"": 75, ""stoch_os"": 20, ""atr_len"": 14, ""adx_len"": 14, ""adx_min"": 18, ""sl_atr"": 1.5, ""tp_atr"": 2.0, ""hold_bars"": 3}"
bb_rsi,-450.01,49.99,90.02,19.67,605,119,486,"{""ema_fast"": 5, ""ema_slow"": 34, ""rsi_len"": 7, ""rsi_buy"": 50, ""rsi_sell"": 55, ""rsi_ob"": 70, ""rsi_os"": 25, ""rsi_os_level"": 25, ""rsi_ob_level"": 70, ""rsi_mid_low"": 40, ""rsi_mid_high"": 60, ""macd_fast"": 8, ""macd_slow"": 26, ""macd_signal"": 9, ""bb_len"": 14, ""bb_std"": 1.5, ""stoch_k"": 14, ""stoch_d"": 3, ""stoch_ob"": 75, ""stoch_os"": 20, ""atr_len"": 14, ""adx_len"": 14, ""adx_min"": 18, ""sl_atr"": 1.5, ""tp_atr"": 2.0, ""hold_bars"": 3}"
bb_rsi,-450.03,49.97,90.02,17.01,688,117,571,"{""ema_fast"": 5, ""ema_slow"": 34, ""rsi_len"": 7, ""rsi_buy"": 45, ""rsi_sell"": 50, ""rsi_ob"": 70, ""rsi_os"": 25, ""rsi_os_level"": 25, ""rsi_ob_level"": 70, ""rsi_mid_low"": 40, ""rsi_mid_high"": 60, ""macd_fast"": 8, ""macd_slow"": 26, ""macd_signal"": 9, ""bb_len"": 14, ""bb_std"": 1.5, ""stoch_k"": 14, ""stoch_d"": 3, ""stoch_ob"": 75, ""stoch_os"": 20, ""atr_len"": 14, ""adx_len"": 14, ""adx_min"": 18, ""sl_atr"": 1.2, ""tp_atr"": 2.0, ""hold_bars"": 3}"
bb_rsi,-450.03,49.97,90.02,17.01,688,117,571,"{""ema_fast"": 5, ""ema_slow"": 34, ""rsi_len"": 7, ""rsi_buy"": 45, ""rsi_sell"": 55, ""rsi_ob"": 70, ""rsi_os"": 25, ""rsi_os_level"": 25, ""rsi_ob_level"": 70, ""rsi_mid_low"": 40, ""rsi_mid_high"": 60, ""macd_fast"": 8, ""macd_slow"": 26, ""macd_signal"": 9, ""bb_len"": 14, ""bb_std"": 1.5, ""stoch_k"": 14, ""stoch_d"": 3, ""stoch_ob"": 75, ""stoch_os"": 20, ""atr_len"": 14, ""adx_len"": 14, ""adx_min"": 18, ""sl_atr"": 1.2, ""tp_atr"": 2.0, ""hold_bars"": 3}"
bb_rsi,-450.03,49.97,90.02,17.01,688,117,571,"{""ema_fast"": 5, ""ema_slow"": 34, ""rsi_len"": 7, ""rsi_buy"": 50, ""rsi_sell"": 50, ""rsi_ob"": 70, ""rsi_os"": 25, ""rsi_os_level"": 25, ""rsi_ob_level"": 70, ""rsi_mid_low"": 40, ""rsi_mid_high"": 60, ""macd_fast"": 8, ""macd_slow"": 26, ""macd_signal"": 9, ""bb_len"": 14, ""bb_std"": 1.5, ""stoch_k"": 14, ""stoch_d"": 3, ""stoch_ob"": 75, ""stoch_os"": 20, ""atr_len"": 14, ""adx_len"": 14, ""adx_min"": 18, ""sl_atr"": 1.2, ""tp_atr"": 2.0, ""hold_bars"": 3}"
bb_rsi,-450.03,49.97,90.02,17.01,688,117,571,"{""ema_fast"": 5, ""ema_slow"": 34, ""rsi_len"": 7, ""rsi_buy"": 50, ""rsi_sell"": 55, ""rsi_ob"": 70, ""rsi_os"": 25, ""rsi_os_level"": 25, ""rsi_ob_level"": 70, ""rsi_mid_low"": 40, ""rsi_mid_high"": 60, ""macd_fast"": 8, ""macd_slow"": 26, ""macd_signal"": 9, ""bb_len"": 14, ""bb_std"": 1.5, ""stoch_k"": 14, ""stoch_d"": 3, ""stoch_ob"": 75, ""stoch_os"": 20, ""atr_len"": 14, ""adx_len"": 14, ""adx_min"": 18, ""sl_atr"": 1.2, ""tp_atr"": 2.0, ""hold_bars"": 3}"
macd_stoch,-450.37,49.63,90.13,23.26,662,154,508,"{""ema_fast"": 5, ""ema_slow"": 21, ""rsi_len"": 7, ""rsi_buy"": 45, ""rsi_sell"": 50, ""rsi_ob"": 70, ""rsi_os"": 25, ""rsi_os_level"": 25, ""rsi_ob_level"": 70, ""rsi_mid_low"": 40, ""rsi_mid_high"": 60, ""macd_fast"": 8, ""macd_slow"": 21, ""macd_signal"": 5, ""bb_len"": 14, ""bb_std"": 1.5, ""stoch_k"": 7, ""stoch_d"": 3, ""stoch_ob"": 75, ""stoch_os"": 20, ""atr_len"": 10, ""adx_len"": 14, ""adx_min"": 18, ""sl_atr"": 1.5, ""tp_atr"": 2.0, ""hold_bars"": 3}"
macd_stoch,-450.37,49.63,90.13,23.26,662,154,508,"{""ema_fast"": 5, ""ema_slow"": 21, ""rsi_len"": 7, ""rsi_buy"": 45, ""rsi_sell"": 55, ""rsi_ob"": 70, ""rsi_os"": 25, ""rsi_os_level"": 25, ""rsi_ob_level"": 70, ""rsi_mid_low"": 40, ""rsi_mid_high"": 60, ""macd_fast"": 8, ""macd_slow"": 21, ""macd_signal"": 5, ""bb_len"": 14, ""bb_std"": 1.5, ""stoch_k"": 7, ""stoch_d"": 3, ""stoch_ob"": 75, ""stoch_os"": 20, ""atr_len"": 10, ""adx_len"": 14, ""adx_min"": 18, ""sl_atr"": 1.5, ""tp_atr"": 2.0, ""hold_bars"": 3}"
macd_stoch,-450.37,49.63,90.13,23.26,662,154,508,"{""ema_fast"": 5, ""ema_slow"": 21, ""rsi_len"": 7, ""rsi_buy"": 50, ""rsi_sell"": 50, ""rsi_ob"": 70, ""rsi_os"": 25, ""rsi_os_level"": 25, ""rsi_ob_level"": 70, ""rsi_mid_low"": 40, ""rsi_mid_high"": 60, ""macd_fast"": 8, ""macd_slow"": 21, ""macd_signal"": 5, ""bb_len"": 14, ""bb_std"": 1.5, ""stoch_k"": 7, ""stoch_d"": 3, ""stoch_ob"": 75, ""stoch_os"": 20, ""atr_len"": 10, ""adx_len"": 14, ""adx_min"": 18, ""sl_atr"": 1.5, ""tp_atr"": 2.0, ""hold_bars"": 3}"
macd_stoch,-450.37,49.63,90.13,23.26,662,154,508,"{""ema_fast"": 5, ""ema_slow"": 21, ""rsi_len"": 7, ""rsi_buy"": 50, ""rsi_sell"": 55, ""rsi_ob"": 70, ""rsi_os"": 25, ""rsi_os_level"": 25, ""rsi_ob_level"": 70, ""rsi_mid_low"": 40, ""rsi_mid_high"": 60, ""macd_fast"": 8, ""macd_slow"": 21, ""macd_signal"": 5, ""bb_len"": 14, ""bb_std"": 1.5, ""stoch_k"": 7, ""stoch_d"": 3, ""stoch_ob"": 75, ""stoch_os"": 20, ""atr_len"": 10, ""adx_len"": 14, ""adx_min"": 18, ""sl_atr"": 1.5, ""tp_atr"": 2.0, ""hold_bars"": 3}"
bb_rsi,-450.67,49.33,90.13,14.94,522,78,444,"{""ema_fast"": 5, ""ema_slow"": 21, ""rsi_len"": 14, ""rsi_buy"": 45, ""rsi_sell"": 50, ""rsi_ob"": 70, ""rsi_os"": 25, ""rsi_os_level"": 25, ""rsi_ob_level"": 70, ""rsi_mid_low"": 40, ""rsi_mid_high"": 60, ""macd_fast"": 8, ""macd_slow"": 21, ""macd_signal"": 9, ""bb_len"": 20, ""bb_std"": 1.5, ""stoch_k"": 7, ""stoch_d"": 3, ""stoch_ob"": 75, ""stoch_os"": 20, ""atr_len"": 14, ""adx_len"": 14, ""adx_min"": 25, ""sl_atr"": 1.5, ""tp_atr"": 2.0, ""hold_bars"": 3}"
bb_rsi,-450.67,49.33,90.13,14.94,522,78,444,"{""ema_fast"": 5, ""ema_slow"": 21, ""rsi_len"": 14, ""rsi_buy"": 45, ""rsi_sell"": 55, ""rsi_ob"": 70, ""rsi_os"": 25, ""rsi_os_level"": 25, ""rsi_ob_level"": 70, ""rsi_mid_low"": 40, ""rsi_mid_high"": 60, ""macd_fast"": 8, ""macd_slow"": 21, ""macd_signal"": 9, ""bb_len"": 20, ""bb_std"": 1.5, ""stoch_k"": 7, ""stoch_d"": 3, ""stoch_ob"": 75, ""stoch_os"": 20, ""atr_len"": 14, ""adx_len"": 14, ""adx_min"": 25, ""sl_atr"": 1.5, ""tp_atr"": 2.0, ""hold_bars"": 3}"
bb_rsi,-450.67,49.33,90.13,14.94,522,78,444,"{""ema_fast"": 5, ""ema_slow"": 21, ""rsi_len"": 14, ""rsi_buy"": 50, ""rsi_sell"": 50, ""rsi_ob"": 70, ""rsi_os"": 25, ""rsi_os_level"": 25, ""rsi_ob_level"": 70, ""rsi_mid_low"": 40, ""rsi_mid_high"": 60, ""macd_fast"": 8, ""macd_slow"": 21, ""macd_signal"": 9, ""bb_len"": 20, ""bb_std"": 1.5, ""stoch_k"": 7, ""stoch_d"": 3, ""stoch_ob"": 75, ""stoch_os"": 20, ""atr_len"": 14, ""adx_len"": 14, ""adx_min"": 25, ""sl_atr"": 1.5, ""tp_atr"": 2.0, ""hold_bars"": 3}"
bb_rsi,-450.67,49.33,90.13,14.94,522,78,444,"{""ema_fast"": 5, ""ema_slow"": 21, ""rsi_len"": 14, ""rsi_buy"": 50, ""rsi_sell"": 55, ""rsi_ob"": 70, ""rsi_os"": 25, ""rsi_os_level"": 25, ""rsi_ob_level"": 70, ""rsi_mid_low"": 40, ""rsi_mid_high"": 60, ""macd_fast"": 8, ""macd_slow"": 21, ""macd_signal"": 9, ""bb_len"": 20, ""bb_std"": 1.5, ""stoch_k"": 7, ""stoch_d"": 3, ""stoch_ob"": 75, ""stoch_os"": 20, ""atr_len"": 14, ""adx_len"": 14, ""adx_min"": 25, ""sl_atr"": 1.5, ""tp_atr"": 2.0, ""hold_bars"": 3}"
bb_rsi,-450.67,49.33,90.13,14.94,522,78,444,"{""ema_fast"": 8, ""ema_slow"": 21, ""rsi_len"": 14, ""rsi_buy"": 45, ""rsi_sell"": 50, ""rsi_ob"": 70, ""rsi_os"": 25, ""rsi_os_level"": 25, ""rsi_ob_level"": 70, ""rsi_mid_low"": 40, ""rsi_mid_high"": 60, ""macd_fast"": 8, ""macd_slow"": 21, ""macd_signal"": 9, ""bb_len"": 20, ""bb_std"": 1.5, ""stoch_k"": 7, ""stoch_d"": 3, ""stoch_ob"": 75, ""stoch_os"": 20, ""atr_len"": 14, ""adx_len"": 14, ""adx_min"": 18, ""sl_atr"": 1.5, ""tp_atr"": 2.0, ""hold_bars"": 3}"
bb_rsi,-450.67,49.33,90.13,14.94,522,78,444,"{""ema_fast"": 8, ""ema_slow"": 21, ""rsi_len"": 14, ""rsi_buy"": 45, ""rsi_sell"": 55, ""rsi_ob"": 70, ""rsi_os"": 25, ""rsi_os_level"": 25, ""rsi_ob_level"": 70, ""rsi_mid_low"": 40, ""rsi_mid_high"": 60, ""macd_fast"": 8, ""macd_slow"": 21, ""macd_signal"": 9, ""bb_len"": 20, ""bb_std"": 1.5, ""stoch_k"": 7, ""stoch_d"": 3, ""stoch_ob"": 75, ""stoch_os"": 20, ""atr_len"": 14, ""adx_len"": 14, ""adx_min"": 18, ""sl_atr"": 1.5, ""tp_atr"": 2.0, ""hold_bars"": 3}"
bb_rsi,-450.67,49.33,90.13,14.94,522,78,444,"{""ema_fast"": 8, ""ema_slow"": 21, ""rsi_len"": 14, ""rsi_buy"": 50, ""rsi_sell"": 50, ""rsi_ob"": 70, ""rsi_os"": 25, ""rsi_os_level"": 25, ""rsi_ob_level"": 70, ""rsi_mid_low"": 40, ""rsi_mid_high"": 60, ""macd_fast"": 8, ""macd_slow"": 21, ""macd_signal"": 9, ""bb_len"": 20, ""bb_std"": 1.5, ""stoch_k"": 7, ""stoch_d"": 3, ""stoch_ob"": 75, ""stoch_os"": 20, ""atr_len"": 14, ""adx_len"": 14, ""adx_min"": 18, ""sl_atr"": 1.5, ""tp_atr"": 2.0, ""hold_bars"": 3}"
bb_rsi,-450.67,49.33,90.13,14.94,522,78,444,"{""ema_fast"": 8, ""ema_slow"": 21, ""rsi_len"": 14, ""rsi_buy"": 50, ""rsi_sell"": 55, ""rsi_ob"": 70, ""rsi_os"": 25, ""rsi_os_level"": 25, ""rsi_ob_level"": 70, ""rsi_mid_low"": 40, ""rsi_mid_high"": 60, ""macd_fast"": 8, ""macd_slow"": 21, ""macd_signal"": 9, ""bb_len"": 20, ""bb_std"": 1.5, ""stoch_k"": 7, ""stoch_d"": 3, ""stoch_ob"": 75, ""stoch_os"": 20, ""atr_len"": 14, ""adx_len"": 14, ""adx_min"": 18, ""sl_atr"": 1.5, ""tp_atr"": 2.0, ""hold_bars"": 3}"
bb_rsi,-450.77,49.23,90.16,21.51,609,131,478,"{""ema_fast"": 5, ""ema_slow"": 55, ""rsi_len"": 7, ""rsi_buy"": 45, ""rsi_sell"": 50, ""rsi_ob"": 70, ""rsi_os"": 25, ""rsi_os_level"": 25, ""rsi_ob_level"": 70, ""rsi_mid_low"": 40, ""rsi_mid_high"": 60, ""macd_fast"": 12, ""macd_slow"": 26, ""macd_signal"": 5, ""bb_len"": 14, ""bb_std"": 2.0, ""stoch_k"": 14, ""stoch_d"": 3, ""stoch_ob"": 75, ""stoch_os"": 20, ""atr_len"": 10, ""adx_len"": 14, ""adx_min"": 18, ""sl_atr"": 1.5, ""tp_atr"": 2.0, ""hold_bars"": 3}"
bb_rsi,-450.77,49.23,90.16,21.51,609,131,478,"{""ema_fast"": 5, ""ema_slow"": 55, ""rsi_len"": 7, ""rsi_buy"": 45, ""rsi_sell"": 55, ""rsi_ob"": 70, ""rsi_os"": 25, ""rsi_os_level"": 25, ""rsi_ob_level"": 70, ""rsi_mid_low"": 40, ""rsi_mid_high"": 60, ""macd_fast"": 12, ""macd_slow"": 26, ""macd_signal"": 5, ""bb_len"": 14, ""bb_std"": 2.0, ""stoch_k"": 14, ""stoch_d"": 3, ""stoch_ob"": 75, ""stoch_os"": 20, ""atr_len"": 10, ""adx_len"": 14, ""adx_min"": 18, ""sl_atr"": 1.5, ""tp_atr"": 2.0, ""hold_bars"": 3}"
bb_rsi,-450.77,49.23,90.16,21.51,609,131,478,"{""ema_fast"": 5, ""ema_slow"": 55, ""rsi_len"": 7, ""rsi_buy"": 50, ""rsi_sell"": 50, ""rsi_ob"": 70, ""rsi_os"": 25, ""rsi_os_level"": 25, ""rsi_ob_level"": 70, ""rsi_mid_low"": 40, ""rsi_mid_high"": 60, ""macd_fast"": 12, ""macd_slow"": 26, ""macd_signal"": 5, ""bb_len"": 14, ""bb_std"": 2.0, ""stoch_k"": 14, ""stoch_d"": 3, ""stoch_ob"": 75, ""stoch_os"": 20, ""atr_len"": 10, ""adx_len"": 14, ""adx_min"": 18, ""sl_atr"": 1.5, ""tp_atr"": 2.0, ""hold_bars"": 3}"
bb_rsi,-450.77,49.23,90.16,21.51,609,131,478,"{""ema_fast"": 5, ""ema_slow"": 55, ""rsi_len"": 7, ""rsi_buy"": 50, ""rsi_sell"": 55, ""rsi_ob"": 70, ""rsi_os"": 25, ""rsi_os_level"": 25, ""rsi_ob_level"": 70, ""rsi_mid_low"": 40, ""rsi_mid_high"": 60, ""macd_fast"": 12, ""macd_slow"": 26, ""macd_signal"": 5, ""bb_len"": 14, ""bb_std"": 2.0, ""stoch_k"": 14, ""stoch_d"": 3, ""stoch_ob"": 75, ""stoch_os"": 20, ""atr_len"": 10, ""adx_len"": 14, ""adx_min"": 18, ""sl_atr"": 1.5, ""tp_atr"": 2.0, ""hold_bars"": 3}"
bb_rsi,-450.81,49.19,90.18,17.13,689,118,571,"{""ema_fast"": 5, ""ema_slow"": 21, ""rsi_len"": 7, ""rsi_buy"": 45, ""rsi_sell"": 50, ""rsi_ob"": 70, ""rsi_os"": 25, ""rsi_os_level"": 25, ""rsi_ob_level"": 70, ""rsi_mid_low"": 40, ""rsi_mid_high"": 60, ""macd_fast"": 8, ""macd_slow"": 21, ""macd_signal"": 5, ""bb_len"": 14, ""bb_std"": 1.5, ""stoch_k"": 7, ""stoch_d"": 3, ""stoch_ob"": 75, ""stoch_os"": 20, ""atr_len"": 10, ""adx_len"": 14, ""adx_min"": 18, ""sl_atr"": 1.2, ""tp_atr"": 2.0, ""hold_bars"": 3}"
bb_rsi,-450.81,49.19,90.18,17.13,689,118,571,"{""ema_fast"": 5, ""ema_slow"": 21, ""rsi_len"": 7, ""rsi_buy"": 45, ""rsi_sell"": 55, ""rsi_ob"": 70, ""rsi_os"": 25, ""rsi_os_level"": 25, ""rsi_ob_level"": 70, ""rsi_mid_low"": 40, ""rsi_mid_high"": 60, ""macd_fast"": 8, ""macd_slow"": 21, ""macd_signal"": 5, ""bb_len"": 14, ""bb_std"": 1.5, ""stoch_k"": 7, ""stoch_d"": 3, ""stoch_ob"": 75, ""stoch_os"": 20, ""atr_len"": 10, ""adx_len"": 14, ""adx_min"": 18, ""sl_atr"": 1.2, ""tp_atr"": 2.0, ""hold_bars"": 3}"
bb_rsi,-450.81,49.19,90.18,17.13,689,118,571,"{""ema_fast"": 5, ""ema_slow"": 21, ""rsi_len"": 7, ""rsi_buy"": 50, ""rsi_sell"": 50, ""rsi_ob"": 70, ""rsi_os"": 25, ""rsi_os_level"": 25, ""rsi_ob_level"": 70, ""rsi_mid_low"": 40, ""rsi_mid_high"": 60, ""macd_fast"": 8, ""macd_slow"": 21, ""macd_signal"": 5, ""bb_len"": 14, ""bb_std"": 1.5, ""stoch_k"": 7, ""stoch_d"": 3, ""stoch_ob"": 75, ""stoch_os"": 20, ""atr_len"": 10, ""adx_len"": 14, ""adx_min"": 18, ""sl_atr"": 1.2, ""tp_atr"": 2.0, ""hold_bars"": 3}"
bb_rsi,-450.81,49.19,90.18,17.13,689,118,571,"{""ema_fast"": 5, ""ema_slow"": 21, ""rsi_len"": 7, ""rsi_buy"": 50, ""rsi_sell"": 55, ""rsi_ob"": 70, ""rsi_os"": 25, ""rsi_os_level"": 25, ""rsi_ob_level"": 70, ""rsi_mid_low"": 40, ""rsi_mid_high"": 60, ""macd_fast"": 8, ""macd_slow"": 21, ""macd_signal"": 5, ""bb_len"": 14, ""bb_std"": 1.5, ""stoch_k"": 7, ""stoch_d"": 3, ""stoch_ob"": 75, ""stoch_os"": 20, ""atr_len"": 10, ""adx_len"": 14, ""adx_min"": 18, ""sl_atr"": 1.2, ""tp_atr"": 2.0, ""hold_bars"": 3}"
bb_rsi,-450.81,49.19,90.18,17.13,689,118,571,"{""ema_fast"": 8, ""ema_slow"": 34, ""rsi_len"": 7, ""rsi_buy"": 45, ""rsi_sell"": 50, ""rsi_ob"": 70, ""rsi_os"": 25, ""rsi_os_level"": 25, ""rsi_ob_level"": 70, ""rsi_mid_low"": 40, ""rsi_mid_high"": 60, ""macd_fast"": 8, ""macd_slow"": 26, ""macd_signal"": 9, ""bb_len"": 14, ""bb_std"": 1.5, ""stoch_k"": 14, ""stoch_d"": 3, ""stoch_ob"": 75, ""stoch_os"": 20, ""atr_len"": 10, ""adx_len"": 14, ""adx_min"": 25, ""sl_atr"": 1.2, ""tp_atr"": 2.0, ""hold_bars"": 3}"
bb_rsi,-450.81,49.19,90.18,17.13,689,118,571,"{""ema_fast"": 8, ""ema_slow"": 34, ""rsi_len"": 7, ""rsi_buy"": 45, ""rsi_sell"": 55, ""rsi_ob"": 70, ""rsi_os"": 25, ""rsi_os_level"": 25, ""rsi_ob_level"": 70, ""rsi_mid_low"": 40, ""rsi_mid_high"": 60, ""macd_fast"": 8, ""macd_slow"": 26, ""macd_signal"": 9, ""bb_len"": 14, ""bb_std"": 1.5, ""stoch_k"": 14, ""stoch_d"": 3, ""stoch_ob"": 75, ""stoch_os"": 20, ""atr_len"": 10, ""adx_len"": 14, ""adx_min"": 25, ""sl_atr"": 1.2, ""tp_atr"": 2.0, ""hold_bars"": 3}"
bb_rsi,-450.81,49.19,90.18,17.13,689,118,571,"{""ema_fast"": 8, ""ema_slow"": 34, ""rsi_len"": 7, ""rsi_buy"": 50, ""rsi_sell"": 50, ""rsi_ob"": 70, ""rsi_os"": 25, ""rsi_os_level"": 25, ""rsi_ob_level"": 70, ""rsi_mid_low"": 40, ""rsi_mid_high"": 60, ""macd_fast"": 8, ""macd_slow"": 26, ""macd_signal"": 9, ""bb_len"": 14, ""bb_std"": 1.5, ""stoch_k"": 14, ""stoch_d"": 3, ""stoch_ob"": 75, ""stoch_os"": 20, ""atr_len"": 10, ""adx_len"": 14, ""adx_min"": 25, ""sl_atr"": 1.2, ""tp_atr"": 2.0, ""hold_bars"": 3}"
bb_rsi,-450.81,49.19,90.18,17.13,689,118,571,"{""ema_fast"": 8, ""ema_slow"": 34, ""rsi_len"": 7, ""rsi_buy"": 50, ""rsi_sell"": 55, ""rsi_ob"": 70, ""rsi_os"": 25, ""rsi_os_level"": 25, ""rsi_ob_level"": 70, ""rsi_mid_low"": 40, ""rsi_mid_high"": 60, ""macd_fast"": 8, ""macd_slow"": 26, ""macd_signal"": 9, ""bb_len"": 14, ""bb_std"": 1.5, ""stoch_k"": 14, ""stoch_d"": 3, ""stoch_ob"": 75, ""stoch_os"": 20, ""atr_len"": 10, ""adx_len"": 14, ""adx_min"": 25, ""sl_atr"": 1.2, ""tp_atr"": 2.0, ""hold_bars"": 3}"
bb_rsi,-451.37,48.63,90.27,14.1,624,88,536,"{""ema_fast"": 5, ""ema_slow"": 21, ""rsi_len"": 14, ""rsi_buy"": 45, ""rsi_sell"": 50, ""rsi_ob"": 70, ""rsi_os"": 25, ""rsi_os_level"": 25, ""rsi_ob_level"": 70, ""rsi_mid_low"": 40, ""rsi_mid_high"": 60, ""macd_fast"": 8, ""macd_slow"": 21, ""macd_signal"": 9, ""bb_len"": 20, ""bb_std"": 1.5, ""stoch_k"": 7, ""stoch_d"": 3, ""stoch_ob"": 75, ""stoch_os"": 20, ""atr_len"": 14, ""adx_len"": 14, ""adx_min"": 25, ""sl_atr"": 1.2, ""tp_atr"": 2.0, ""hold_bars"": 3}"
bb_rsi,-451.37,48.63,90.27,14.1,624,88,536,"{""ema_fast"": 5, ""ema_slow"": 21, ""rsi_len"": 14, ""rsi_buy"": 45, ""rsi_sell"": 55, ""rsi_ob"": 70, ""rsi_os"": 25, ""rsi_os_level"": 25, ""rsi_ob_level"": 70, ""rsi_mid_low"": 40, ""rsi_mid_high"": 60, ""macd_fast"": 8, ""macd_slow"": 21, ""macd_signal"": 9, ""bb_len"": 20, ""bb_std"": 1.5, ""stoch_k"": 7, ""stoch_d"": 3, ""stoch_ob"": 75, ""stoch_os"": 20, ""atr_len"": 14, ""adx_len"": 14, ""adx_min"": 25, ""sl_atr"": 1.2, ""tp_atr"": 2.0, ""hold_bars"": 3}"
bb_rsi,-451.37,48.63,90.27,14.1,624,88,536,"{""ema_fast"": 5, ""ema_slow"": 21, ""rsi_len"": 14, ""rsi_buy"": 50, ""rsi_sell"": 50, ""rsi_ob"": 70, ""rsi_os"": 25, ""rsi_os_level"": 25, ""rsi_ob_level"": 70, ""rsi_mid_low"": 40, ""rsi_mid_high"": 60, ""macd_fast"": 8, ""macd_slow"": 21, ""macd_signal"": 9, ""bb_len"": 20, ""bb_std"": 1.5, ""stoch_k"": 7, ""stoch_d"": 3, ""stoch_ob"": 75, ""stoch_os"": 20, ""atr_len"": 14, ""adx_len"": 14, ""adx_min"": 25, ""sl_atr"": 1.2, ""tp_atr"": 2.0, ""hold_bars"": 3}"
bb_rsi,-451.37,48.63,90.27,14.1,624,88,536,"{""ema_fast"": 5, ""ema_slow"": 21, ""rsi_len"": 14, ""rsi_buy"": 50, ""rsi_sell"": 55, ""rsi_ob"": 70, ""rsi_os"": 25, ""rsi_os_level"": 25, ""rsi_ob_level"": 70, ""rsi_mid_low"": 40, ""rsi_mid_high"": 60, ""macd_fast"": 8, ""macd_slow"": 21, ""macd_signal"": 9, ""bb_len"": 20, ""bb_std"": 1.5, ""stoch_k"": 7, ""stoch_d"": 3, ""stoch_ob"": 75, ""stoch_os"": 20, ""atr_len"": 14, ""adx_len"": 14, ""adx_min"": 25, ""sl_atr"": 1.2, ""tp_atr"": 2.0, ""hold_bars"": 3}"
bb_rsi,-451.37,48.63,90.27,14.1,624,88,536,"{""ema_fast"": 8, ""ema_slow"": 21, ""rsi_len"": 14, ""rsi_buy"": 45, ""rsi_sell"": 50, ""rsi_ob"": 70, ""rsi_os"": 25, ""rsi_os_level"": 25, ""rsi_ob_level"": 70, ""rsi_mid_low"": 40, ""rsi_mid_high"": 60, ""macd_fast"": 8, ""macd_slow"": 21, ""macd_signal"": 9, ""bb_len"": 20, ""bb_std"": 1.5, ""stoch_k"": 7, ""stoch_d"": 3, ""stoch_ob"": 75, ""stoch_os"": 20, ""atr_len"": 14, ""adx_len"": 14, ""adx_min"": 18, ""sl_atr"": 1.2, ""tp_atr"": 2.0, ""hold_bars"": 3}"
bb_rsi,-451.37,48.63,90.27,14.1,624,88,536,"{""ema_fast"": 8, ""ema_slow"": 21, ""rsi_len"": 14, ""rsi_buy"": 45, ""rsi_sell"": 55, ""rsi_ob"": 70, ""rsi_os"": 25, ""rsi_os_level"": 25, ""rsi_ob_level"": 70, ""rsi_mid_low"": 40, ""rsi_mid_high"": 60, ""macd_fast"": 8, ""macd_slow"": 21, ""macd_signal"": 9, ""bb_len"": 20, ""bb_std"": 1.5, ""stoch_k"": 7, ""stoch_d"": 3, ""stoch_ob"": 75, ""stoch_os"": 20, ""atr_len"": 14, ""adx_len"": 14, ""adx_min"": 18, ""sl_atr"": 1.2, ""tp_atr"": 2.0, ""hold_bars"": 3}"
bb_rsi,-451.37,48.63,90.27,14.1,624,88,536,"{""ema_fast"": 8, ""ema_slow"": 21, ""rsi_len"": 14, ""rsi_buy"": 50, ""rsi_sell"": 50, ""rsi_ob"": 70, ""rsi_os"": 25, ""rsi_os_level"": 25, ""rsi_ob_level"": 70, ""rsi_mid_low"": 40, ""rsi_mid_high"": 60, ""macd_fast"": 8, ""macd_slow"": 21, ""macd_signal"": 9, ""bb_len"": 20, ""bb_std"": 1.5, ""stoch_k"": 7, ""stoch_d"": 3, ""stoch_ob"": 75, ""stoch_os"": 20, ""atr_len"": 14, ""adx_len"": 14, ""adx_min"": 18, ""sl_atr"": 1.2, ""tp_atr"": 2.0, ""hold_bars"": 3}"
bb_rsi,-451.37,48.63,90.27,14.1,624,88,536,"{""ema_fast"": 8, ""ema_slow"": 21, ""rsi_len"": 14, ""rsi_buy"": 50, ""rsi_sell"": 55, ""rsi_ob"": 70, ""rsi_os"": 25, ""rsi_os_level"": 25, ""rsi_ob_level"": 70, ""rsi_mid_low"": 40, ""rsi_mid_high"": 60, ""macd_fast"": 8, ""macd_slow"": 21, ""macd_signal"": 9, ""bb_len"": 20, ""bb_std"": 1.5, ""stoch_k"": 7, ""stoch_d"": 3, ""stoch_ob"": 75, ""stoch_os"": 20, ""atr_len"": 14, ""adx_len"": 14, ""adx_min"": 18, ""sl_atr"": 1.2, ""tp_atr"": 2.0, ""hold_bars"": 3}"
bb_rsi,-451.57,48.43,90.33,19.33,595,115,480,"{""ema_fast"": 5, ""ema_slow"": 21, ""rsi_len"": 7, ""rsi_buy"": 45, ""rsi_sell"": 50, ""rsi_ob"": 70, ""rsi_os"": 25, ""rsi_os_level"": 25, ""rsi_ob_level"": 70, ""rsi_mid_low"": 40, ""rsi_mid_high"": 60, ""macd_fast"": 8, ""macd_slow"": 21, ""macd_signal"": 5, ""bb_len"": 14, ""bb_std"": 1.5, ""stoch_k"": 7, ""stoch_d"": 3, ""stoch_ob"": 75, ""stoch_os"": 20, ""atr_len"": 10, ""adx_len"": 14, ""adx_min"": 18, ""sl_atr"": 1.5, ""tp_atr"": 2.0, ""hold_bars"": 3}"
bb_rsi,-451.57,48.43,90.33,19.33,595,115,480,"{""ema_fast"": 5, ""ema_slow"": 21, ""rsi_len"": 7, ""rsi_buy"": 45, ""rsi_sell"": 55, ""rsi_ob"": 70, ""rsi_os"": 25, ""rsi_os_level"": 25, ""rsi_ob_level"": 70, ""rsi_mid_low"": 40, ""rsi_mid_high"": 60, ""macd_fast"": 8, ""macd_slow"": 21, ""macd_signal"": 5, ""bb_len"": 14, ""bb_std"": 1.5, ""stoch_k"": 7, ""stoch_d"": 3, ""stoch_ob"": 75, ""stoch_os"": 20, ""atr_len"": 10, ""adx_len"": 14, ""adx_min"": 18, ""sl_atr"": 1.5, ""tp_atr"": 2.0, ""hold_bars"": 3}"
bb_rsi,-451.57,48.43,90.33,19.33,595,115,480,"{""ema_fast"": 5, ""ema_slow"": 21, ""rsi_len"": 7, ""rsi_buy"": 50, ""rsi_sell"": 50, ""rsi_ob"": 70, ""rsi_os"": 25, ""rsi_os_level"": 25, ""rsi_ob_level"": 70, ""rsi_mid_low"": 40, ""rsi_mid_high"": 60, ""macd_fast"": 8, ""macd_slow"": 21, ""macd_signal"": 5, ""bb_len"": 14, ""bb_std"": 1.5, ""stoch_k"": 7, ""stoch_d"": 3, ""stoch_ob"": 75, ""stoch_os"": 20, ""atr_len"": 10, ""adx_len"": 14, ""adx_min"": 18, ""sl_atr"": 1.5, ""tp_atr"": 2.0, ""hold_bars"": 3}"
bb_rsi,-451.57,48.43,90.33,19.33,595,115,480,"{""ema_fast"": 5, ""ema_slow"": 21, ""rsi_len"": 7, ""rsi_buy"": 50, ""rsi_sell"": 55, ""rsi_ob"": 70, ""rsi_os"": 25, ""rsi_os_level"": 25, ""rsi_ob_level"": 70, ""rsi_mid_low"": 40, ""rsi_mid_high"": 60, ""macd_fast"": 8, ""macd_slow"": 21, ""macd_signal"": 5, ""bb_len"": 14, ""bb_std"": 1.5, ""stoch_k"": 7, ""stoch_d"": 3, ""stoch_ob"": 75, ""stoch_os"": 20, ""atr_len"": 10, ""adx_len"": 14, ""adx_min"": 18, ""sl_atr"": 1.5, ""tp_atr"": 2.0, ""hold_bars"": 3}"
